Run,Slug,Run flag,Run type,Prompt Plots Exist,Prompt JAPAN Exists,Prompt Summary Exists,Prompt BCM Exists,Prompt Ratecheck Exists,Prompt Postpan ROOT Exists,Prompt Postpan Overload ROOT Exists,Prompt Postpan Summary Exists,Agg ROOT File Exists,BMOD Cycle Check Exists,BMOD Cycles Plots Exists,BMOD Sens csv Exists,BMOD AD Plots Exists,BMOD Slopes Exists
5408,100,Good,Production,1,1,1,1,1,1,1,1,1,1,0,0,1,0
5409,100,Good,Production,1,1,1,1,1,1,1,1,1,1,0,0,1,0
5415,100,None,Calibration,1,1,1,1,1,1,1,1,1,1,1,1,1,1
5417,100,None,Calibration,1,1,1,1,1,1,1,1,1,1,0,0,1,0
5433,101,None,Calibration,1,1,1,1,1,1,1,1,1,1,0,0,1,0
5434,101,None,Calibration,1,1,1,1,0,1,1,1,0,0,0,0,1,0
5435,101,None,Calibration,1,1,1,1,1,1,1,1,1,1,0,0,1,0
5436,101,None,Calibration,1,1,1,1,1,1,1,1,1,1,0,0,1,0
5437,101,Suspicious,Production,1,1,1,1,1,1,1,1,1,1,0,0,1,0
5438,101,None,Parityscan,1,1,1,1,1,1,1,1,1,1,0,0,1,0
5439,101,Good,Production,1,1,1,1,1,1,1,1,1,1,1,1,1,1
5440,101,Good,Production,1,1,1,1,1,1,1,1,1,1,1,1,1,1
5441,101,Good,Production,1,1,1,1,1,1,1,1,1,1,1,1,1,1
5442,101,Good,Production,1,1,1,1,1,1,1,1,1,1,1,1,1,1
5443,101,Good,Production,1,1,1,1,1,1,1,1,1,1,1,1,1,1
5444,101,Good,Production,1,1,1,1,1,1,1,1,1,1,1,1,1,1
5445,101,Good,Production,1,1,1,1,1,1,1,1,1,1,1,1,1,1
5446,101,Good,Production,1,1,1,1,1,1,1,1,1,1,1,1,1,1
5447,101,Good,Production,1,1,1,1,1,1,1,1,1,1,1,1,1,1
5448,101,Good,Production,1,1,1,1,1,1,1,1,1,1,1,1,1,1
5449,101,Good,Production,1,1,1,1,1,1,1,1,1,1,1,1,1,1
5450,101,Good,Production,1,1,1,1,1,1,1,1,1,1,1,1,1,1
5451,101,Good,Production,1,1,1,1,1,1,1,1,1,1,1,1,1,1
5452,101,Suspicious,Production,1,1,1,1,1,1,1,1,1,1,1,1,1,1
5453,101,Good,Production,1,1,1,1,1,1,1,1,1,1,1,1,1,1
5454,102,Good,Production,1,1,1,1,1,1,1,1,1,1,1,1,1,1
5455,102,Good,Production,1,1,1,1,1,1,1,1,1,1,1,1,1,1
5456,102,Good,Production,1,1,1,1,1,1,1,1,1,1,1,1,1,1
5457,102,Good,Production,1,1,1,1,1,1,1,1,1,1,1,0,1,0
5458,102,Good,Production,1,1,1,1,1,1,1,1,1,1,1,1,1,1
5459,102,Good,Production,1,1,1,1,1,1,1,1,1,1,1,1,1,1
5460,102,Good,Production,1,1,1,1,1,1,1,1,1,1,1,1,1,1
5461,102,Good,Production,1,1,1,1,1,1,1,1,1,1,1,1,1,1
5462,103,Good,Production,1,1,1,1,1,1,1,1,1,1,1,1,1,1
5463,103,Good,Production,1,1,1,1,1,1,1,1,1,1,1,1,1,1
5464,103,Good,Production,1,1,1,1,1,1,1,1,1,1,1,1,1,1
5465,103,Good,Production,1,1,1,1,1,1,1,1,1,1,1,1,1,1
5466,103,Good,Production,1,1,1,1,1,1,1,1,1,1,1,1,1,1
5467,103,Good,Production,1,1,1,1,1,1,1,1,1,1,1,1,1,1
5468,103,Good,Production,1,1,1,1,1,1,1,1,1,1,1,1,1,1
5469,103,Good,Production,1,1,1,1,1,1,1,1,1,1,1,1,1,1
5471,104,Good,Production,1,1,1,1,1,1,1,1,1,1,1,1,1,1
5472,104,Good,Production,1,1,1,1,1,1,1,1,1,1,1,1,1,1
5473,104,Good,Production,1,1,1,1,1,1,1,1,1,1,1,1,1,1
5474,104,Good,Production,1,1,1,1,1,1,1,1,1,1,1,1,1,1
5475,104,Good,Production,1,1,1,1,1,1,1,1,1,1,1,1,1,1
5476,104,Good,Production,1,1,1,1,1,1,1,1,1,1,1,1,1,1
5477,104,Good,Production,1,1,1,1,1,1,1,1,1,1,1,1,1,1
5478,104,Good,Production,1,1,1,1,1,1,1,1,1,1,1,1,1,1
5486,104,Good,Production,1,1,1,1,1,1,1,1,1,1,1,1,1,1
5488,104,Good,Production,1,1,1,1,1,1,1,1,1,1,1,1,1,1
5489,104,Good,Production,1,1,1,1,1,1,1,1,1,1,1,1,1,1
5568,105,None,Calibration,1,1,1,1,0,1,1,1,0,0,0,0,1,0
5569,105,None,Calibration,1,1,1,1,0,1,1,1,0,0,0,0,1,0
5570,105,None,Calibration,1,1,1,1,0,1,1,1,0,0,0,0,1,0
5571,105,None,Calibration,1,1,1,1,0,1,1,1,0,0,0,0,1,0
5572,105,None,Parityscan,1,1,1,1,0,1,1,1,0,0,0,0,1,0
5573,105,None,Parityscan,1,1,1,1,0,1,1,1,0,0,0,0,1,0
5574,105,None,Parityscan,1,1,1,1,0,1,1,1,0,0,0,0,1,0
5575,105,None,Parityscan,1,1,1,1,1,1,1,1,1,1,0,0,1,0
5576,105,Good,Production,1,1,1,1,1,1,1,1,1,1,0,0,1,0
5577,105,None,Calibration,1,1,1,1,0,1,1,1,0,0,1,1,1,1
5579,106,None,Calibration,1,1,1,1,0,1,1,1,0,0,1,1,1,1
5580,106,None,Calibration,1,1,1,1,0,1,1,1,0,0,1,1,1,1
5581,106,Good,Production,1,1,1,1,1,1,1,1,1,1,1,1,1,1
5582,106,Good,Production,1,1,1,1,1,1,1,1,1,1,1,1,1,1
5583,106,Good,Production,1,1,1,1,1,1,1,1,1,1,1,1,1,1
5613,106,Good,Production,1,1,1,1,1,1,1,1,1,1,1,1,1,1
5616,106,Good,Production,1,1,1,1,1,1,1,1,1,1,1,1,1,1
5618,106,None,Parityscan,1,1,1,1,1,1,1,1,1,1,0,0,1,0
5619,106,Good,Production,1,1,1,1,1,1,1,1,1,1,1,1,1,1
5620,106,Good,Production,1,1,1,1,1,1,1,1,1,1,1,1,1,1
5635,106,Good,Calibration,1,1,1,1,0,1,1,1,0,0,0,0,1,0
5636,107,Good,Production,1,1,1,1,1,1,1,1,1,1,0,0,1,0
5637,107,Good,Production,1,1,1,1,1,1,1,1,1,1,1,1,1,1
5639,107,Good,Production,1,1,1,1,1,1,1,1,1,1,1,1,1,1
5640,107,Good,Production,1,1,1,1,1,1,1,1,1,1,1,1,1,1
5641,107,Good,Production,1,1,1,1,1,1,1,1,1,1,1,1,1,1
5642,107,Good,Production,1,1,1,1,1,1,1,1,1,1,1,1,1,1
5643,107,Good,Production,1,1,1,1,1,1,1,1,1,1,1,1,1,1
5644,107,Good,Production,1,1,1,1,1,1,1,1,1,1,1,1,1,1
5645,108,Good,Production,1,1,1,1,1,1,1,1,1,1,1,1,1,1
5646,108,Good,Production,1,1,1,1,1,1,1,1,1,1,1,1,1,1
5648,108,Good,Production,1,1,1,1,1,1,1,1,1,1,1,1,1,1
5649,108,Good,Production,1,1,1,1,1,1,1,1,1,1,1,1,1,1
5650,108,Good,Production,1,1,1,1,1,1,1,1,1,1,1,1,1,1
5651,108,Good,Production,1,1,1,1,1,1,1,1,1,1,1,1,1,1
5652,108,Good,Production,1,1,1,1,1,1,1,1,1,1,1,1,1,1
5653,108,Good,Production,1,1,1,1,1,1,1,1,1,1,1,1,1,1
5655,109,Good,Production,1,1,1,1,1,1,1,1,1,1,1,1,1,1
5656,109,Good,Production,1,1,1,1,1,1,1,1,1,1,1,1,1,1
5727,109,None,Calibration,1,1,1,1,0,1,1,1,0,0,0,0,1,0
5749,109,Good,Production,1,1,1,1,1,1,1,1,1,1,1,1,1,1
5750,109,Good,Production,1,1,1,1,1,1,1,1,1,1,1,1,1,1
5751,109,Good,Production,1,1,1,1,1,1,1,1,1,1,1,1,1,1
5752,109,Good,Production,1,1,1,1,1,1,1,1,1,1,1,1,1,1
5753,109,Good,Production,1,1,1,1,1,1,1,1,1,1,1,1,1,1
5757,109,Good,Production,1,1,1,1,1,1,1,1,1,1,1,1,1,1
5758,109,None,Calibration,1,1,1,1,0,1,1,1,0,0,1,1,1,1
5761,109,None,Calibration,1,1,1,1,0,1,1,1,0,0,1,1,1,1
5762,109,None,Calibration,1,1,1,1,0,1,1,1,0,0,1,1,1,1
5763,109,None,Calibration,1,1,1,1,0,1,1,1,0,0,1,1,1,1
5764,109,None,Calibration,1,1,1,1,1,1,1,1,1,1,1,1,1,1
5765,109,None,Calibration,1,1,1,1,1,1,1,1,1,1,1,1,1,1
5768,109,None,Calibration,1,1,1,1,0,1,1,1,0,0,1,1,1,1
5769,109,None,Calibration,1,1,1,1,0,1,1,1,0,0,1,1,1,1
5770,109,Good,Production,1,1,1,1,1,1,1,1,1,1,1,1,1,1
5771,109,Good,Production,1,1,1,1,1,1,1,1,1,1,1,1,1,1
5772,109,Good,Production,1,1,1,1,1,1,1,1,1,1,1,1,1,1
5773,109,Good,Production,1,1,1,1,1,1,1,1,1,1,1,1,1,1
5774,109,Good,Production,1,1,1,1,1,1,1,1,1,1,1,1,1,1
5775,109,Good,Production,1,1,1,1,1,1,1,1,1,1,1,1,1,1
5776,109,Good,Production,1,1,1,1,1,1,1,1,1,1,1,1,1,1
5777,109,Good,Production,1,1,1,1,1,1,1,1,1,1,1,1,1,1
5778,109,Good,Production,1,1,1,1,1,1,1,1,1,1,1,1,1,1
5786,110,Good,Production,1,1,1,1,1,1,1,1,1,1,1,1,1,1
5787,110,Good,Production,1,1,1,1,1,1,1,1,1,1,1,1,1,1
5788,110,Good,Production,1,1,1,1,1,1,1,1,1,1,1,1,1,1
5789,110,Good,Production,1,1,1,1,1,1,1,1,1,1,1,1,1,1
5790,110,Good,Production,1,1,1,1,1,1,1,1,1,1,1,1,1,1
5791,110,Good,Production,1,1,1,1,1,1,1,1,1,1,1,1,1,1
5792,110,Good,Production,1,1,1,1,1,1,1,1,1,1,1,1,1,1
5793,110,Good,Production,1,1,1,1,1,1,1,1,1,1,1,1,1,1
5794,110,Good,Production,1,1,1,1,1,1,1,1,1,1,1,1,1,1
5795,110,Good,Production,1,1,1,1,1,1,1,1,1,1,1,1,1,1
5796,111,Good,Production,1,1,1,1,1,1,1,1,1,1,1,1,1,1
5797,111,Good,Production,1,1,1,1,1,1,1,1,1,1,1,1,1,1
5798,111,Good,Production,1,1,1,1,1,1,1,1,1,1,1,1,1,1
5799,111,Good,Production,1,1,1,1,1,1,1,1,1,1,1,1,1,1
5800,111,Good,Production,1,1,1,1,1,1,1,1,1,1,1,1,1,1
5801,111,Good,Production,1,1,1,1,1,1,1,1,1,1,1,1,1,1
5802,112,Good,Production,1,1,1,1,1,1,1,1,1,1,1,1,1,1
5803,112,Good,Production,1,1,1,1,1,1,1,1,1,1,1,1,1,1
5804,112,Good,Production,1,1,1,1,1,1,1,1,1,1,1,1,1,1
5805,112,Good,Production,1,1,1,1,1,1,1,1,1,1,1,1,1,1
5806,112,Good,Production,1,1,1,1,1,1,1,1,1,1,1,1,1,1
5807,112,Good,Production,1,1,1,1,1,1,1,1,1,1,1,1,1,1
5808,113,Good,Production,1,1,1,1,1,1,1,1,1,1,1,1,1,1
5809,113,Good,Production,1,1,1,1,1,1,1,1,1,1,1,1,1,1
5810,113,Good,Production,1,1,1,1,1,1,1,1,1,1,1,1,1,1
5811,113,Good,Production,1,1,1,1,1,1,1,1,1,1,1,1,1,1
5812,113,Good,Production,1,1,1,1,1,1,1,1,1,1,1,1,1,1
5813,113,Good,Production,1,1,1,1,1,1,1,1,1,1,1,1,1,1
5814,113,Good,Production,1,1,1,1,1,1,1,1,1,1,1,1,1,1
5815,112,Good,Production,1,1,1,1,1,1,1,1,1,1,1,1,1,1
5816,112,Good,Production,1,1,1,1,1,1,1,1,1,1,1,1,1,1
5817,114,Good,Production,1,1,1,1,1,1,1,1,1,1,1,1,1,1
5818,114,Good,Production,1,1,1,1,1,1,1,1,1,1,1,1,1,1
5819,114,Good,Production,1,1,1,1,1,1,1,1,1,1,1,1,1,1
5866,115,None,Calibration,1,1,1,1,0,1,1,1,0,0,0,0,1,0
5867,115,None,Calibration,1,1,1,1,0,1,1,1,0,0,1,1,1,1
5868,115,None,Calibration,1,1,1,1,0,1,1,1,0,0,1,1,1,1
5869,115,None,Calibration,1,1,1,1,0,1,1,1,0,0,1,1,1,1
5871,115,Good,Calibration,1,1,1,1,1,1,1,1,1,1,0,0,1,0
5872,115,Good,Calibration,1,1,1,1,1,1,1,1,1,1,0,0,1,0
5873,115,Good,Calibration,1,1,1,1,1,1,1,1,1,1,1,1,1,1
5874,115,Good,Calibration,1,1,1,1,1,1,1,1,1,1,1,1,1,1
5875,115,Good,Calibration,1,1,1,1,1,1,1,1,1,1,1,1,1,1
5876,115,Good,Calibration,1,1,1,1,1,1,1,1,1,1,0,0,1,0
5877,115,Good,Calibration,1,1,1,1,1,1,1,1,1,1,1,1,1,1
5878,115,None,Calibration,1,1,1,1,0,1,1,1,0,0,1,1,1,1
5884,115,None,Calibration,1,1,1,1,1,1,1,1,1,1,1,1,1,1
5885,115,None,Calibration,1,1,1,1,0,1,1,1,0,0,1,1,1,1
5887,115,None,Calibration,1,1,1,1,1,1,1,1,1,1,1,1,1,1
5913,115,Suspicious,Calibration,1,1,1,1,1,1,1,1,1,1,1,1,1,1
5914,115,Suspicious,Calibration,1,1,1,1,1,1,1,1,1,1,1,1,1,1
5915,115,Good,Production,1,1,1,1,1,1,1,1,1,1,1,1,1,1
5916,115,Good,Production,1,1,1,1,1,1,1,1,1,1,1,1,1,1
5917,115,Good,Production,1,1,1,1,1,1,1,1,1,1,1,1,1,1
5918,115,Good,Production,1,1,1,1,1,1,1,1,1,1,1,1,1,1
5919,115,Good,Production,1,1,1,1,1,1,1,1,1,1,1,1,1,1
5921,116,Good,Production,1,1,1,1,1,1,1,1,1,1,1,1,1,1
5922,116,Good,Production,1,1,1,1,1,1,1,1,1,1,1,1,1,1
5923,116,Good,Production,1,1,1,1,1,1,1,1,1,1,1,1,1,1
5924,116,Good,Production,1,1,1,1,1,1,1,1,1,1,1,1,1,1
5928,117,Good,Production,1,1,1,1,1,1,1,1,1,1,0,0,1,0
5929,117,Good,Production,1,1,1,1,1,1,1,1,1,1,1,1,1,1
5939,117,NeedCut,Production,1,1,1,1,1,1,1,1,1,1,1,1,1,1
5940,117,NeedCut,Production,1,1,1,1,1,1,1,1,1,1,1,1,1,1
5941,118,NeedCut,Production,1,1,1,1,1,1,1,1,1,1,1,1,1,1
5942,118,Good,Production,1,1,1,1,1,1,1,1,1,1,1,1,1,1
5943,118,Good,Production,1,1,1,1,1,1,1,1,1,1,1,1,1,1
5944,118,Good,Production,1,1,1,1,1,1,1,1,1,1,1,1,1,1
5947,118,Good,Calibration,1,1,1,1,0,1,1,1,0,0,1,1,1,1
5948,118,Good,Calibration,1,1,1,1,1,1,1,1,1,1,1,1,1,1
5949,118,Good,Calibration,1,1,1,1,1,1,1,1,1,1,1,1,1,1
5950,118,Good,Production,1,1,1,1,1,1,1,1,1,1,1,1,1,1
5951,118,Suspicious,Production,1,1,1,1,0,1,1,1,0,0,1,1,1,1
5952,118,Good,Production,1,1,1,1,1,1,1,1,1,1,1,1,1,1
5953,118,Good,Production,1,1,1,1,1,1,1,1,1,1,1,1,1,1
5954,118,Good,Production,1,1,1,1,1,1,1,1,1,1,1,1,1,1
5955,118,Good,Production,1,1,1,1,1,1,1,1,1,1,1,1,1,1
5956,118,Good,Production,1,1,1,1,1,1,1,1,1,1,1,1,1,1
5957,118,Good,Production,1,1,1,1,1,1,1,1,1,1,1,1,1,1
5958,119,Good,Production,1,1,1,1,1,1,1,1,1,1,1,1,1,1
5959,119,Good,Production,1,1,1,1,1,1,1,1,1,1,1,1,1,1
5960,119,Good,Production,1,1,1,1,1,1,1,1,1,1,1,1,1,1
5961,119,Good,Production,1,1,1,1,1,1,1,1,1,1,1,1,1,1
5962,119,Good,Production,1,1,1,1,1,1,1,1,1,1,1,1,1,1
5963,119,Good,Production,1,1,1,1,1,1,1,1,1,1,1,1,1,1
5964,119,Good,Production,1,1,1,1,1,1,1,1,1,1,1,1,1,1
5965,119,Good,Production,1,1,1,1,1,1,1,1,1,1,1,1,1,1
5966,119,Good,Production,1,1,1,1,1,1,1,1,1,1,1,1,1,1
5967,120,Good,Production,1,1,1,1,1,1,1,1,1,1,1,1,1,1
5968,120,Good,Production,1,1,1,1,1,1,1,1,1,1,1,1,1,1
5969,120,Good,Production,1,1,1,1,1,1,1,1,1,1,1,1,1,1
5970,120,Good,Production,1,1,1,1,1,1,1,1,1,1,1,1,1,1
5971,120,Good,Production,1,1,1,1,1,1,1,1,1,1,1,1,1,1
5972,120,Suspicious,Production,1,1,1,1,1,1,1,1,1,1,1,1,1,1
6030,121,NeedCut,Production,1,1,1,1,0,1,1,1,0,0,0,0,1,0
6031,121,NeedCut,Production,1,1,1,1,0,1,1,1,0,0,1,1,1,1
6032,121,Good,Production,1,1,1,1,1,1,1,1,1,1,0,0,1,0
6033,121,Good,Production,1,1,1,1,1,1,1,1,1,1,1,1,1,1
6034,121,Good,Production,1,1,1,1,1,1,1,1,1,1,1,1,1,1
6035,121,Suspicious,Production,1,1,1,1,1,1,1,1,1,1,1,1,1,1
6036,121,Good,Production,1,1,1,1,1,1,1,1,1,1,1,1,1,1
6076,121,Good,Calibration,1,1,1,1,1,1,1,1,1,1,1,0,1,0
6077,121,Good,Calibration,1,1,1,1,1,1,1,1,1,1,1,1,1,1
6078,121,Good,Calibration,1,1,1,1,1,1,1,1,1,1,1,1,1,1
6079,121,Good,Calibration,1,1,1,1,1,1,1,1,1,1,1,1,1,1
6080,121,Good,Calibration,1,1,1,1,1,1,1,1,1,1,1,1,1,1
6081,121,Good,Calibration,1,1,1,1,0,1,1,1,0,0,1,1,1,1
6082,121,Good,Calibration,1,1,1,1,0,1,1,1,0,0,1,1,1,1
6083,121,Good,Calibration,1,1,1,1,0,1,1,1,0,0,1,1,1,1
6084,121,Good,Calibration,1,1,1,1,0,1,1,1,0,0,1,0,1,0
6085,121,Good,Production,1,1,1,1,1,1,1,1,1,1,1,1,1,1
6086,121,Good,Production,1,1,1,1,1,1,1,1,1,1,1,1,1,1
6087,121,Good,Production,1,1,1,1,1,1,1,1,1,1,1,1,1,1
6089,121,Good,Production,1,1,1,1,1,1,1,1,1,1,1,1,1,1
6090,121,Good,Production,1,1,1,1,1,1,1,1,1,1,1,1,1,1
6091,122,Good,Production,1,1,1,1,1,1,1,1,1,1,1,1,1,1
6093,122,Good,Production,1,1,1,1,1,1,1,1,1,1,1,1,1,1
6094,122,Good,Production,1,1,1,1,1,1,1,1,1,1,1,1,1,1
6098,122,Good,Production,1,1,1,1,1,1,1,1,1,1,1,1,1,1
6099,122,Good,Production,1,1,1,1,1,1,1,1,1,1,1,1,1,1
6102,122,Good,Production,1,1,1,1,1,1,1,1,1,1,1,1,1,1
6103,122,Good,Production,1,1,1,1,1,1,1,1,1,1,1,1,1,1
6104,122,Good,Production,1,1,1,1,1,1,1,1,1,1,1,1,1,1
6105,122,Good,Production,1,1,1,1,1,1,1,1,1,1,1,1,1,1
6106,123,Good,Production,1,1,1,1,1,1,1,1,1,1,1,1,1,1
6107,124,Good,Production,1,1,1,1,1,1,1,1,1,1,1,1,1,1
6108,124,Good,Production,1,1,1,1,1,1,1,1,1,1,1,1,1,1
6109,124,Good,Production,1,1,1,1,1,1,1,1,1,1,1,1,1,1
6110,124,Good,Production,1,1,1,1,1,1,1,1,1,1,1,1,1,1
6116,125,Good,Production,1,1,1,1,1,1,1,1,1,1,1,1,1,1
6118,125,Good,Production,1,1,1,1,1,1,1,1,1,1,1,1,1,1
6119,125,Good,Production,1,1,1,1,1,1,1,1,1,1,1,1,1,1
6120,125,Good,Production,1,1,1,1,1,1,1,1,1,1,1,1,1,1
6121,125,Good,Production,1,1,1,1,1,1,1,1,1,1,1,1,1,1
6122,125,Good,Production,1,1,1,1,1,1,1,1,1,1,1,1,1,1
6123,125,Good,Production,1,1,1,1,1,1,1,1,1,1,1,1,1,1
6124,125,Good,Production,1,1,1,1,1,1,1,1,1,1,1,1,1,1
6125,126,Good,Production,1,1,1,1,1,1,1,1,1,1,1,1,1,1
6126,126,Good,Production,1,1,1,1,1,1,1,1,1,1,1,1,1,1
6127,126,Good,Production,1,1,1,1,1,1,1,1,1,1,1,1,1,1
6128,126,Good,Production,1,1,1,1,1,1,1,1,1,1,1,1,1,1
6129,126,Good,Production,1,1,1,1,1,1,1,1,1,1,1,1,1,1
6130,126,Good,Production,1,1,1,1,1,1,1,1,1,1,1,1,1,1
6131,126,Good,Production,1,1,1,1,1,1,1,1,1,1,1,1,1,1
6132,127,Good,Production,1,1,1,1,1,1,1,1,1,1,1,1,1,1
6133,127,Good,Production,1,1,1,1,1,1,1,1,1,1,1,1,1,1
6134,127,Good,Production,1,1,1,1,1,1,1,1,1,1,1,1,1,1
6135,127,Good,Production,1,1,1,1,1,1,1,1,1,1,1,1,1,1
6136,127,Good,Production,1,1,1,1,1,1,1,1,1,1,1,1,1,1
6159,127,Good,Production,1,1,1,1,1,1,1,1,1,1,1,1,1,1
6160,127,Good,Production,1,1,1,1,1,1,1,1,1,1,1,1,1,1
6161,127,NeedCut,Production,1,1,1,1,1,1,1,1,1,1,1,1,1,1
6162,127,Good,Production,1,1,1,1,1,1,1,1,1,1,1,1,1,1
6163,128,Good,Production,1,1,1,1,1,1,1,1,1,1,1,1,1,1
6164,128,Good,Production,1,1,1,1,1,1,1,1,1,1,1,1,1,1
6165,128,Good,Production,1,1,1,1,1,1,1,1,1,1,1,1,1,1
6166,128,Good,Production,1,1,1,1,1,1,1,1,1,1,1,1,1,1
6168,128,Good,Production,1,1,1,1,1,1,1,1,1,1,1,1,1,1
6176,128,Good,Production,1,1,1,1,1,1,1,1,1,1,1,1,1,1
6177,128,Good,Production,1,1,1,1,1,1,1,1,1,1,1,1,1,1
6178,128,Good,Production,1,1,1,1,1,1,1,1,1,1,1,1,1,1
6179,128,Good,Production,1,1,1,1,1,1,1,1,1,1,1,1,1,1
6185,128,Good,Production,1,1,1,1,1,1,1,1,1,1,1,1,1,1
6186,129,Good,Production,1,1,1,1,1,1,1,1,1,1,1,1,1,1
6187,129,Good,Production,1,1,1,1,1,1,1,1,1,1,1,1,1,1
6193,129,Good,Production,1,1,1,1,1,1,1,1,1,1,1,1,1,1
6194,129,Good,Production,1,1,1,1,1,1,1,1,1,1,1,1,1,1
6195,129,Good,Production,1,1,1,1,1,1,1,1,1,1,1,1,1,1
6196,129,Good,Calibration,1,1,1,1,1,1,1,1,1,1,1,1,1,1
6197,129,Good,Calibration,1,1,1,1,1,1,1,1,1,1,1,1,1,1
6198,129,Good,Calibration,1,1,1,1,1,1,1,1,1,1,1,1,1,1
6199,129,Good,Calibration,1,1,1,1,1,1,1,1,1,1,0,0,1,0
6200,129,Good,Calibration,1,1,1,1,0,1,1,1,0,0,0,0,1,0
6201,129,NeedCut,Production,1,1,1,1,1,1,1,1,1,1,1,1,1,1
6202,129,Good,Production,1,1,1,1,1,1,1,1,1,1,1,1,1,1
6203,129,Good,Production,1,1,1,1,1,1,1,1,1,1,1,1,1,1
6204,129,Good,Production,1,1,1,1,1,1,1,1,1,1,1,1,1,1
6205,130,Good,Production,1,1,1,1,1,1,1,1,1,1,1,1,1,1
6206,130,NeedCut,Production,1,1,1,1,1,1,1,1,1,1,1,1,1,1
6207,130,Good,Production,1,1,1,1,1,1,1,1,1,1,1,1,1,1
6208,130,Good,Production,1,1,1,1,1,1,1,1,1,1,1,1,1,1
6209,130,Good,Production,1,1,1,1,1,1,1,1,1,1,1,1,1,1
6210,130,NeedCut,Production,1,1,1,1,1,1,1,1,1,1,1,1,1,1
6211,130,Good,Production,1,1,1,1,1,1,1,1,1,1,1,1,1,1
6212,130,Good,Production,1,1,1,1,1,1,1,1,1,1,1,1,1,1
6213,130,Good,Production,1,1,1,1,1,1,1,1,1,1,1,1,1,1
6214,131,Good,Production,1,1,1,1,1,1,1,1,1,1,1,1,1,1
6215,131,Good,Production,1,1,1,1,1,1,1,1,1,1,1,1,1,1
6216,131,Good,Production,1,1,1,1,1,1,1,1,1,1,1,1,1,1
6217,131,Good,Production,1,1,1,1,1,1,1,1,1,1,1,1,1,1
6218,131,Good,Production,1,1,1,1,1,1,1,1,1,1,1,1,1,1
6234,131,Good,Production,1,1,1,1,1,1,1,1,1,1,1,1,1,1
6235,131,Good,Production,1,1,1,1,1,1,1,1,1,1,1,1,1,1
6236,131,Good,Production,1,1,1,1,1,1,1,1,1,1,1,1,1,1
6237,131,Good,Production,1,1,1,1,1,1,1,1,1,1,1,1,1,1
6238,131,Good,Production,1,1,1,1,1,1,1,1,1,1,1,1,1,1
6239,132,Good,Production,1,1,1,1,1,1,1,1,1,1,1,1,1,1
6240,132,Good,Production,1,1,1,1,1,1,1,1,1,1,1,1,1,1
6241,132,Good,Production,1,1,1,1,1,1,1,1,1,1,1,1,1,1
6242,132,None,Calibration,1,1,1,1,1,1,1,1,1,1,1,0,1,0
6248,132,Good,Production,1,1,1,1,1,1,1,1,1,1,1,1,1,1
6249,132,Good,Production,1,1,1,1,1,1,1,1,1,1,1,1,1,1
6252,132,Good,Production,1,1,1,1,1,1,1,1,1,1,1,1,1,1
6255,132,Good,Production,1,1,1,1,1,1,1,1,1,1,1,1,1,1
6256,132,Good,Production,1,1,1,1,1,1,1,1,1,1,1,1,1,1
6257,132,Good,Production,1,1,1,1,1,1,1,1,1,1,1,1,1,1
6258,132,Good,Production,1,1,1,1,1,1,1,1,1,1,1,1,1,1
6259,132,Good,Production,1,1,1,1,1,1,1,1,1,1,1,1,1,1
6284,133,Good,Production,1,1,1,1,1,1,1,1,1,1,1,1,1,1
6285,133,Good,Production,1,1,1,1,1,1,1,1,1,1,1,1,1,1
6314,133,Good,Production,1,1,1,1,1,1,1,1,1,1,1,1,1,1
6315,133,Good,Production,1,1,1,1,1,1,1,1,1,1,1,1,1,1
6316,133,Good,Production,1,1,1,1,1,1,1,1,1,1,1,1,1,1
6317,133,Good,Production,1,1,1,1,1,1,1,1,1,1,1,1,1,1
6318,133,Good,Production,1,1,1,1,1,1,1,1,1,1,1,1,1,1
6319,133,Good,Production,1,1,1,1,1,1,1,1,1,1,1,1,1,1
6320,134,Good,Production,1,1,1,1,1,1,1,1,1,1,1,1,1,1
6321,134,Good,Production,1,1,1,1,1,1,1,1,1,1,1,1,1,1
6328,134,Good,Production,1,1,1,1,1,1,1,1,1,1,1,1,1,1
6329,134,Good,Production,1,1,1,1,1,1,1,1,1,1,1,1,1,1
6330,134,Suspicious,Production,1,1,1,1,1,1,1,1,1,1,1,1,1,1
6331,134,Suspicious,Production,1,1,1,1,1,1,1,1,1,1,1,1,1,1
6332,134,Suspicious,Production,1,1,1,1,1,1,1,1,1,1,1,1,1,1
6333,134,Good,Production,1,1,1,1,1,1,1,1,1,1,1,1,1,1
6334,134,Good,Production,1,1,1,1,1,1,1,1,1,1,1,1,1,1
6344,4000,Good,Production,1,1,1,1,1,1,1,1,1,1,1,1,1,1
6345,4000,Good,Production,1,1,1,1,1,1,1,1,1,1,1,1,1,1
6346,4001,Good,Production,1,1,1,1,1,1,1,1,1,1,1,1,1,1
6347,4001,Good,Production,1,1,1,1,1,1,1,1,1,1,1,1,1,1
6348,4001,Good,Production,1,1,1,1,1,1,1,1,1,1,1,1,1,1
6349,4002,Good,Production,1,1,1,1,1,1,1,1,1,1,1,1,1,1
6350,4002,Good,Production,1,1,1,1,1,1,1,1,1,1,1,1,1,1
6351,4003,Good,Production,1,1,1,1,1,1,1,1,1,1,1,1,1,1
6352,4003,Good,Production,1,1,1,1,1,1,1,1,1,1,1,1,1,1
6353,4004,None,Calibration,1,1,1,1,1,1,1,1,1,1,1,1,1,1
6354,4004,Good,Production,1,1,1,1,1,1,1,1,1,1,1,1,1,1
6355,4004,Good,Production,1,1,1,1,1,1,1,1,1,1,1,1,1,1
6356,4005,Good,Production,1,1,1,1,1,1,1,1,1,1,1,1,1,1
6357,4005,Good,Production,1,1,1,1,1,1,1,1,1,1,1,1,1,1
6359,4006,Good,Production,1,1,1,1,1,1,1,1,1,1,1,1,1,1
6360,4006,Good,Production,1,1,1,1,1,1,1,1,1,1,1,1,1,1
6361,4007,Good,Production,1,1,1,1,1,1,1,1,1,1,1,1,1,1
6362,4007,Good,Production,1,1,1,1,1,1,1,1,1,1,1,1,1,1
6363,4007,Good,Production,1,1,1,1,1,1,1,1,1,1,1,1,1,1
6367,4008,Good,Production,1,1,1,1,1,1,1,1,1,1,1,1,1,1
6368,4008,Good,Production,1,1,1,1,1,1,1,1,1,1,0,0,1,0
6369,4008,Good,Production,1,1,1,1,1,1,1,1,1,1,1,1,1,1
6370,4008,Good,Production,1,1,1,1,1,1,1,1,1,1,1,1,1,1
6371,4008,Good,Production,1,1,1,1,1,1,1,1,1,1,1,1,1,1
6372,4009,Good,Production,1,1,1,1,1,1,1,1,1,1,1,1,1,1
6373,4009,Good,Production,1,1,1,1,1,1,1,1,1,1,1,1,1,1
6374,4009,Good,Production,1,1,1,1,1,1,1,1,1,1,1,1,1,1
6375,4009,Good,Production,1,1,1,1,1,1,1,1,1,1,1,1,1,1
6376,4009,Good,Production,1,1,1,1,1,1,1,1,1,1,1,1,1,1
6377,4008,Good,Production,1,1,1,1,1,1,1,1,1,1,1,1,1,1
6378,4008,Good,Production,1,1,1,1,1,1,1,1,1,1,1,1,1,1
6380,4010,Good,Production,1,1,1,1,1,1,1,1,1,1,1,1,1,1
6381,4010,Good,Production,1,1,1,1,1,1,1,1,1,1,1,1,1,1
6382,4010,Good,Production,1,1,1,1,1,1,1,1,1,1,1,1,1,1
6383,4011,Good,Production,1,1,1,1,1,1,1,1,1,1,1,1,1,1
6384,4011,Good,Production,1,1,1,1,1,1,1,1,1,1,1,1,1,1
6385,4011,Good,Production,1,1,1,1,1,1,1,1,1,1,1,1,1,1
6386,4012,Good,Production,1,1,1,1,1,1,1,1,1,1,1,1,1,1
6387,4012,Good,Production,1,1,1,1,1,1,1,1,1,1,1,1,1,1
6388,4012,Good,Production,1,1,1,1,1,1,1,1,1,1,1,1,1,1
6389,4013,Good,Production,1,1,1,1,1,1,1,1,1,1,1,1,1,1
6390,4013,Good,Production,1,1,1,1,1,1,1,1,1,1,1,1,1,1
6391,4013,Good,Production,1,1,1,1,1,1,1,1,1,1,1,1,1,1
6394,4014,Good,Production,1,1,1,1,1,1,1,1,1,1,1,1,1,1
6395,4014,Good,Production,1,1,1,1,1,1,1,1,1,1,1,1,1,1
6396,4014,Good,Production,1,1,1,1,1,1,1,1,1,1,1,1,1,1
6398,4015,Good,Production,1,1,1,1,1,1,1,1,1,1,1,1,1,1
6399,4015,Good,Production,1,1,1,1,1,1,1,1,1,1,1,1,1,1
6400,4015,Good,Production,1,1,1,1,1,1,1,1,1,1,1,1,1,1
6401,4016,Good,Production,1,1,1,1,1,1,1,1,1,1,1,1,1,1
6402,4016,Good,Production,1,1,1,1,1,1,1,1,1,1,1,1,1,1
6403,4017,Good,Production,1,1,1,1,1,1,1,1,1,1,1,1,1,1
6404,4017,Good,Production,1,1,1,1,1,1,1,1,1,1,1,1,1,1
6405,4018,Good,Production,1,1,1,1,1,1,1,1,1,1,1,1,1,1
6406,4018,Good,Production,1,1,1,1,1,1,1,1,1,1,1,1,1,1
6407,4019,Good,Production,1,1,1,1,1,1,1,1,1,1,1,1,1,1
6408,4019,Good,Production,1,1,1,1,1,1,1,1,1,1,1,1,1,1
6424,135,Good,Production,1,1,1,1,1,1,1,1,1,1,0,0,1,0
6427,135,Good,Production,1,1,1,1,1,1,1,1,1,1,1,1,1,1
6428,135,Good,Production,1,1,1,1,1,1,1,1,1,1,1,1,1,1
6429,135,Good,Production,1,1,1,1,1,1,1,1,1,1,1,1,1,1
6430,135,Good,Production,1,1,1,1,1,1,1,1,1,1,1,1,1,1
6431,135,Good,Production,1,1,1,1,1,1,1,1,1,1,1,1,1,1
6432,135,Good,Production,1,1,1,1,1,1,1,1,1,1,1,1,1,1
6433,135,Good,Production,1,1,1,1,1,1,1,1,1,1,1,1,1,1
6434,135,Good,Production,1,1,1,1,1,1,1,1,1,1,1,1,1,1
6435,135,Good,Production,1,1,1,1,1,1,1,1,1,1,1,1,1,1
6436,135,Good,Production,1,1,1,1,1,1,1,1,1,1,1,1,1,1
6437,135,Good,Production,1,1,1,1,1,1,1,1,1,1,1,1,1,1
6439,136,Good,Production,1,1,1,1,1,1,1,1,1,1,1,1,1,1
6440,136,Good,Production,1,1,1,1,1,1,1,1,1,1,1,1,1,1
6441,136,Good,Production,1,1,1,1,1,1,1,1,1,1,1,1,1,1
6443,136,Good,Production,1,1,1,1,1,1,1,1,1,1,1,1,1,1
6444,136,Good,Production,1,1,1,1,1,1,1,1,1,1,1,1,1,1
6445,136,Good,Production,1,1,1,1,1,1,1,1,1,1,1,1,1,1
6446,136,Good,Production,1,1,1,1,1,1,1,1,1,1,1,1,1,1
6447,136,Good,Production,1,1,1,1,1,1,1,1,1,1,1,1,1,1
6448,136,Good,Production,1,1,1,1,1,1,1,1,1,1,1,1,1,1
6449,136,Good,Production,1,1,1,1,1,1,1,1,1,1,1,1,1,1
6451,136,Good,Production,1,1,1,1,1,1,1,1,1,1,1,1,1,1
6452,136,Good,Production,1,1,1,1,1,1,1,1,1,1,1,1,1,1
6455,136,Good,Production,1,1,1,1,1,1,1,1,1,1,1,1,1,1
6456,136,Good,Production,1,1,1,1,1,1,1,1,1,1,1,1,1,1
6457,136,Good,Production,1,1,1,1,1,1,1,1,1,1,1,1,1,1
6458,136,Good,Production,1,1,1,1,1,1,1,1,1,1,1,1,1,1
6459,136,Good,Production,1,1,1,1,1,1,1,1,1,1,1,1,1,1
6460,137,Good,Production,1,1,1,1,1,1,1,1,1,1,1,1,1,1
6461,137,Good,Production,1,1,1,1,1,1,1,1,1,1,1,1,1,1
6462,137,Good,Production,1,1,1,1,1,1,1,1,1,1,1,1,1,1
6463,137,Good,Production,1,1,1,1,1,1,1,1,1,1,1,1,1,1
6464,137,Good,Production,1,1,1,1,1,1,1,1,1,1,1,1,1,1
6503,138,None,Production,1,1,1,1,1,1,1,1,1,1,0,0,1,0
6513,138,None,Production,1,1,1,1,0,1,1,1,0,0,0,0,1,0
6514,138,Good,Production,1,1,1,1,1,1,1,1,1,1,0,0,1,0
6515,138,Good,Production,1,1,1,1,1,1,1,1,1,1,1,1,1,1
6516,138,Good,Production,1,1,1,1,1,1,1,1,1,1,1,1,1,1
6517,138,Good,Production,1,1,1,1,1,1,1,1,1,1,1,1,1,1
6518,138,Good,Production,1,1,1,1,1,1,1,1,1,1,1,1,1,1
6519,138,Good,Production,1,1,1,1,1,1,1,1,1,1,1,1,1,1
6520,138,Good,Production,1,1,1,1,1,1,1,1,1,1,1,1,1,1
6522,138,Good,Production,1,1,1,1,1,1,1,1,1,1,0,0,1,0
6526,138,Good,Production,1,1,1,1,1,1,1,1,1,1,1,1,1,1
6527,138,Good,Production,1,1,1,1,1,1,1,1,1,1,1,1,1,1
6528,138,Good,Production,1,1,1,1,1,1,1,1,1,1,1,1,1,1
6529,138,Good,Production,1,1,1,1,1,1,1,1,1,1,1,1,1,1
6530,138,Good,Production,1,1,1,1,1,1,1,1,1,1,1,1,1,1
6531,138,Good,Production,1,1,1,1,1,1,1,1,1,1,1,1,1,1
6532,138,Good,Production,1,1,1,1,1,1,1,1,1,1,1,1,1,1
6533,139,Good,Production,1,1,1,1,1,1,1,1,1,1,1,1,1,1
6534,139,Good,Production,1,1,1,1,1,1,1,1,1,1,1,1,1,1
6535,139,Good,Production,1,1,1,1,1,1,1,1,1,1,1,1,1,1
6536,139,Good,Production,1,1,1,1,1,1,1,1,1,1,1,1,1,1
6537,139,Good,Production,1,1,1,1,1,1,1,1,1,1,1,1,1,1
6538,139,Good,Production,1,1,1,1,1,1,1,1,1,1,1,1,1,1
6539,139,Good,Production,1,1,1,1,1,1,1,1,1,1,1,1,1,1
6540,139,Good,Production,1,1,1,1,1,1,1,1,1,1,1,1,1,1
6541,139,Good,Production,1,1,1,1,1,1,1,1,1,1,1,1,1,1
6542,139,Good,Production,1,1,1,1,1,1,1,1,1,1,1,1,1,1
6543,139,Good,Production,1,1,1,1,1,1,1,1,1,1,1,1,1,1
6544,139,Good,Production,1,1,1,1,1,1,1,1,1,1,1,1,1,1
6545,139,Good,Production,1,1,1,1,1,1,1,1,1,1,1,1,1,1
6558,139,None,Calibration,1,1,1,1,0,1,1,1,0,0,0,0,1,0
6559,139,None,Calibration,1,1,1,1,1,1,1,1,1,1,0,0,1,0
6560,139,None,Calibration,1,1,1,1,1,1,1,1,1,1,0,0,1,0
6561,139,None,Calibration,1,1,1,1,0,1,1,1,0,0,0,0,1,0
6562,139,None,Calibration,1,1,1,1,0,1,1,1,0,0,0,0,1,0
6563,139,Good,Production,1,1,1,1,1,1,1,1,1,1,0,0,1,0
6564,139,Good,Production,1,1,1,1,1,1,1,1,1,1,1,1,1,1
6565,139,Good,Production,1,1,1,1,1,1,1,1,1,1,1,1,1,1
6566,139,Good,Production,1,1,1,1,1,1,1,1,1,1,1,1,1,1
6567,139,Good,Production,1,1,1,1,1,1,1,1,1,1,1,1,1,1
6571,140,Good,Production,1,1,1,1,1,1,1,1,1,1,1,1,1,1
6572,140,Good,Production,1,1,1,1,1,1,1,1,1,1,1,1,1,1
6573,140,Good,Production,1,1,1,1,1,1,1,1,1,1,1,1,1,1
6574,140,Good,Production,1,1,1,1,1,1,1,1,1,1,1,1,1,1
6575,140,Good,Production,1,1,1,1,1,1,1,1,1,1,1,1,1,1
6576,140,Good,Production,1,1,1,1,1,1,1,1,1,1,1,1,1,1
6577,140,Good,Production,1,1,1,1,1,1,1,1,1,1,1,1,1,1
6578,140,Good,Production,1,1,1,1,1,1,1,1,1,1,1,1,1,1
6579,140,Good,Production,1,1,1,1,1,1,1,1,1,1,1,1,1,1
6580,140,Good,Production,1,1,1,1,1,1,1,1,1,1,1,1,1,1
6581,140,Good,Production,1,1,1,1,1,1,1,1,1,1,1,1,1,1
6582,140,Good,Production,1,1,1,1,1,1,1,1,1,1,1,1,1,1
6583,140,Good,Production,1,1,1,1,1,1,1,1,1,1,1,1,1,1
6584,140,Good,Production,1,1,1,1,1,1,1,1,1,1,1,1,1,1
6585,141,Good,Production,1,1,1,1,1,1,1,1,1,1,1,1,1,1
6586,141,Good,Production,1,1,1,1,1,1,1,1,1,1,1,1,1,1
6587,141,Good,Production,1,1,1,1,1,1,1,1,1,1,1,1,1,1
6588,141,Good,Production,1,1,1,1,1,1,1,1,1,1,1,1,1,1
6589,141,Good,Production,1,1,1,1,1,1,1,1,1,1,1,1,1,1
6590,141,Good,Production,1,1,1,1,1,1,1,1,1,1,1,1,1,1
6591,141,Good,Production,1,1,1,1,1,1,1,1,1,1,1,1,1,1
6592,141,Good,Production,1,1,1,1,1,1,1,1,1,1,1,1,1,1
6593,141,Suspicious,Production,1,1,1,1,1,1,1,1,1,1,1,1,1,1
6594,141,Good,Production,1,1,1,1,1,1,1,1,1,1,1,1,1,1
6595,141,Suspicious,Production,1,1,1,1,1,1,1,1,1,1,1,1,1,1
6596,141,Good,Production,1,1,1,1,1,1,1,1,1,1,1,1,1,1
6597,141,Good,Production,1,1,1,1,1,1,1,1,1,1,1,1,1,1
6598,141,Good,Production,1,1,1,1,1,1,1,1,1,1,1,1,1,1
6599,142,Good,Production,1,1,1,1,1,1,1,1,1,1,1,1,1,1
6600,142,Good,Production,1,1,1,1,1,1,1,1,1,1,1,1,1,1
6607,142,Good,Production,1,1,1,1,1,1,1,1,1,1,0,0,1,0
6608,142,Good,Production,1,1,1,1,1,1,1,1,1,1,1,1,1,1
6610,142,Good,Production,1,1,1,1,1,1,1,1,1,1,1,0,1,0
6612,143,Good,Production,1,1,1,1,1,1,1,1,1,1,1,0,1,0
6613,143,Good,Production,1,1,1,1,1,1,1,1,1,1,1,1,1,1
6614,143,Good,Production,1,1,1,1,1,1,1,1,1,1,1,1,1,1
6615,143,Good,Production,1,1,1,1,1,1,1,1,1,1,1,1,1,1
6616,143,Good,Production,1,1,1,1,1,1,1,1,1,1,1,1,1,1
6617,143,Good,Production,1,1,1,1,1,1,1,1,1,1,1,1,1,1
6618,143,Good,Production,1,1,1,1,1,1,1,1,1,1,1,1,1,1
6619,143,Good,Production,1,1,1,1,1,1,1,1,1,1,1,1,1,1
6620,143,Good,Production,1,1,1,1,1,1,1,1,1,1,1,1,1,1
6621,143,Good,Production,1,1,1,1,1,1,1,1,1,1,1,1,1,1
6622,143,Good,Production,1,1,1,1,1,1,1,1,1,1,1,1,1,1
6623,143,Good,Production,1,1,1,1,1,1,1,1,1,1,1,1,1,1
6624,143,Suspicious,Production,1,1,1,1,1,1,1,1,1,1,1,1,1,1
6625,143,Good,Production,1,1,1,1,1,1,1,1,1,1,1,1,1,1
6627,142,Good,Production,1,1,1,1,1,1,1,1,1,1,1,1,1,1
6628,142,Good,Production,1,1,1,1,1,1,1,1,1,1,1,1,1,1
6629,142,Good,Production,1,1,1,1,1,1,1,1,1,1,1,1,1,1
6630,142,Good,Production,1,1,1,1,1,1,1,1,1,1,1,1,1,1
6631,142,Good,Production,1,1,1,1,1,1,1,1,1,1,1,1,1,1
6632,142,Good,Production,1,1,1,1,1,1,1,1,1,1,1,1,1,1
6633,144,Good,Production,1,1,1,1,1,1,1,1,1,1,1,1,1,1
6636,144,Good,Production,1,1,1,1,1,1,1,1,1,1,1,1,1,1
6637,144,Good,Production,1,1,1,1,1,1,1,1,1,1,1,1,1,1
6638,144,Good,Production,1,1,1,1,1,1,1,1,1,1,1,1,1,1
6639,144,Good,Production,1,1,1,1,1,1,1,1,1,1,1,1,1,1
6644,144,Good,Production,1,1,1,1,1,1,1,1,1,1,1,1,1,1
6645,144,Good,Production,1,1,1,1,1,1,1,1,1,1,1,1,1,1
6646,144,Good,Production,1,1,1,1,1,1,1,1,1,1,1,1,1,1
6647,144,Good,Production,1,1,1,1,1,1,1,1,1,1,1,1,1,1
6650,144,Good,Production,1,1,1,1,1,1,1,1,1,1,0,0,1,0
6662,144,Good,Production,1,1,1,1,1,1,1,1,1,1,1,1,1,1
6663,144,Good,Production,1,1,1,1,1,1,1,1,1,1,1,1,1,1
6664,144,Good,Production,1,1,1,1,1,1,1,1,1,1,1,1,1,1
6665,145,Good,Production,1,1,1,1,1,1,1,1,1,1,1,1,1,1
6666,145,Good,Production,1,1,1,1,1,1,1,1,1,1,1,1,1,1
6667,145,Good,Production,1,1,1,1,1,1,1,1,1,1,1,1,1,1
6668,145,Good,Production,1,1,1,1,1,1,1,1,1,1,1,1,1,1
6669,145,Good,Production,1,1,1,1,1,1,1,1,1,1,1,1,1,1
6670,145,Good,Production,1,1,1,1,1,1,1,1,1,1,1,1,1,1
6671,145,Good,Production,1,1,1,1,1,1,1,1,1,1,1,1,1,1
6672,145,Good,Production,1,1,1,1,1,1,1,1,1,1,1,1,1,1
6673,145,Good,Production,1,1,1,1,1,1,1,1,1,1,1,1,1,1
6685,145,Good,Production,1,1,1,1,1,1,1,1,1,1,1,1,1,1
6691,145,Good,Production,1,1,1,1,1,1,1,1,1,1,1,1,1,1
6693,145,Good,Production,1,1,1,1,1,1,1,1,1,1,0,0,1,0
6694,145,Good,Production,1,1,1,1,1,1,1,1,1,1,1,1,1,1
6695,145,Good,Production,1,1,1,1,1,1,1,1,1,1,1,1,1,1
6696,145,Good,Production,1,1,1,1,1,1,1,1,1,1,1,1,1,1
6697,145,Good,Production,1,1,1,1,1,1,1,1,1,1,1,1,1,1
6711,146,Good,Production,1,1,1,1,1,1,1,1,1,1,1,1,1,1
6712,146,Good,Production,1,1,1,1,1,1,1,1,1,1,1,1,1,1
6713,146,Good,Production,1,1,1,1,1,1,1,1,1,1,1,1,1,1
6723,146,Good,Production,1,1,1,1,1,1,1,1,1,1,1,1,1,1
6724,146,Good,Production,1,1,1,1,1,1,1,1,1,1,1,1,1,1
6725,146,Good,Production,1,1,1,1,1,1,1,1,1,1,1,1,1,1
6726,146,Good,Production,1,1,1,1,1,1,1,1,1,1,1,1,1,1
6727,146,Good,Production,1,1,1,1,1,1,1,1,1,1,1,1,1,1
6728,146,Good,Production,1,1,1,1,1,1,1,1,1,1,1,1,1,1
6729,146,Good,Production,1,1,1,1,1,1,1,1,1,1,1,1,1,1
6730,146,Good,Production,1,1,1,1,1,1,1,1,1,1,1,1,1,1
6731,146,Good,Calibration,1,1,1,1,1,1,1,1,1,1,1,0,1,0
6732,146,Good,Calibration,1,1,1,1,0,1,1,1,0,0,0,0,1,0
6733,146,Good,Parityscan,1,1,1,1,1,1,1,1,1,1,1,0,1,0
6734,146,Good,Calibration,1,1,1,1,0,1,1,1,0,0,1,0,1,0
6735,146,None,Calibration,1,1,1,1,0,1,1,1,0,0,1,0,1,0
6736,146,None,Calibration,1,1,1,1,0,1,1,1,0,0,1,0,1,0
6739,146,None,Calibration,1,1,1,1,1,1,1,1,1,1,1,0,1,0
6753,146,Good,Production,1,1,1,1,1,1,1,1,1,1,1,0,1,0
6754,146,Good,Production,1,1,1,1,1,1,1,1,1,1,1,1,1,1
6755,146,Good,Production,1,1,1,1,1,1,1,1,1,1,1,1,1,1
6756,146,Good,Production,1,1,1,1,1,1,1,1,1,1,1,1,1,1
6758,146,Good,Calibration,1,1,1,1,1,1,1,1,1,1,0,0,1,0
6759,146,Good,Calibration,1,1,1,1,1,1,1,1,1,1,0,0,1,0
6762,146,Good,Production,1,1,1,1,1,1,1,1,1,1,1,1,1,1
6764,146,Good,Production,1,1,1,1,1,1,1,1,1,1,1,1,1,1
6765,146,Good,Production,1,1,1,1,1,1,1,1,1,1,1,1,1,1
6766,146,Good,Parityscan,1,1,1,1,1,1,1,1,1,1,1,1,1,1
6767,146,Good,Parityscan,1,1,1,1,1,1,1,1,1,1,1,0,1,0
6768,146,Good,Production,1,1,1,1,1,1,1,1,1,1,1,1,1,1
6769,146,Good,Production,1,1,1,1,1,1,1,1,1,1,1,1,1,1
6781,146,Good,Production,1,1,1,1,1,1,1,1,1,1,1,1,1,1
6782,147,Good,Production,1,1,1,1,1,1,1,1,1,1,1,1,1,1
6783,147,Good,Production,1,1,1,1,1,1,1,1,1,1,1,1,1,1
6784,Fail,Fail,Fail,0,0,0,0,0,0,0,0,0,0,0,0,0,0
6785,147,Good,Production,1,1,1,1,1,1,1,1,1,1,1,1,1,1
6786,147,Good,Production,1,1,1,1,1,1,1,1,1,1,1,1,1,1
6787,147,Good,Production,1,1,1,1,1,1,1,1,1,1,1,1,1,1
6788,147,Good,Production,1,1,1,1,1,1,1,1,1,1,1,1,1,1
6789,147,Good,Production,1,1,1,1,1,1,1,1,1,1,1,1,1,1
6790,147,Good,Production,1,1,1,1,1,1,1,1,1,1,1,1,1,1
6791,147,Good,Production,1,1,1,1,1,1,1,1,1,1,1,1,1,1
6792,147,Good,Production,1,1,1,1,1,1,1,1,1,1,1,1,1,1
6793,147,Good,Production,1,1,1,1,1,1,1,1,1,1,1,1,1,1
6794,148,Good,Production,1,1,1,1,1,1,1,1,1,1,1,1,1,1
6795,148,Good,Production,1,1,1,1,1,1,1,1,1,1,1,1,1,1
6796,148,Good,Production,1,1,1,1,1,1,1,1,1,1,1,1,1,1
6797,148,Good,Production,1,1,1,1,1,1,1,1,1,1,1,1,1,1
6798,148,Good,Production,1,1,1,1,1,1,1,1,1,1,1,1,1,1
6799,148,Good,Production,1,1,1,1,1,1,1,1,1,1,1,1,1,1
6800,148,Good,Production,1,1,1,1,1,1,1,1,1,1,1,1,1,1
6801,148,Good,Production,1,1,1,1,1,1,1,1,1,1,1,1,1,1
6802,148,Good,Production,1,1,1,1,1,1,1,1,1,1,1,1,1,1
6803,148,Good,Production,1,1,1,1,1,1,1,1,1,1,1,1,1,1
6804,148,Good,Production,1,1,1,1,1,1,1,1,1,1,1,1,1,1
6805,148,Good,Production,1,1,1,1,1,1,1,1,1,1,1,1,1,1
6806,148,Good,Production,1,1,1,1,1,1,1,1,1,1,1,1,1,1
6808,149,Good,Production,1,1,1,1,1,1,1,1,1,1,1,1,1,1
6809,149,Good,Production,1,1,1,1,1,1,1,1,1,1,1,1,1,1
6810,149,Good,Production,1,1,1,1,1,1,1,1,1,1,1,1,1,1
6811,149,Good,Production,1,1,1,1,1,1,1,1,1,1,1,1,1,1
6812,149,Good,Production,1,1,1,1,1,1,1,1,1,1,1,1,1,1
6813,149,Good,Production,1,1,1,1,1,1,1,1,1,1,1,1,1,1
6814,149,Good,Production,1,1,1,1,1,1,1,1,1,1,1,1,1,1
6815,149,Good,Production,1,1,1,1,1,1,1,1,1,1,1,1,1,1
6816,149,Good,Production,1,1,1,1,1,1,1,1,1,1,1,1,1,1
6817,149,Good,Production,1,1,1,1,1,1,1,1,1,1,1,1,1,1
6818,150,Good,Production,1,1,1,1,1,1,1,1,1,1,1,1,1,1
6819,150,Good,Production,1,1,1,1,1,1,1,1,1,1,1,1,1,1
6820,150,Good,Production,1,1,1,1,1,1,1,1,1,1,1,1,1,1
6821,150,Good,Production,1,1,1,1,1,1,1,1,1,1,1,1,1,1
6822,150,Good,Production,1,1,1,1,1,1,1,1,1,1,1,1,1,1
6823,150,Good,Production,1,1,1,1,1,1,1,1,1,1,1,1,1,1
6824,150,Good,Production,1,1,1,1,1,1,1,1,1,1,1,1,1,1
6825,150,Good,Production,1,1,1,1,1,1,1,1,1,1,1,1,1,1
6826,150,Good,Production,1,1,1,1,1,1,1,1,1,1,1,1,1,1
6827,150,Good,Production,1,1,1,1,1,1,1,1,1,1,1,1,1,1
6852,151,Good,Production,1,1,1,1,1,1,1,1,1,1,1,1,1,1
6853,151,Good,Production,1,1,1,1,1,1,1,1,1,1,1,1,1,1
6854,151,Good,Production,1,1,1,1,1,1,1,1,1,1,1,1,1,1
6864,151,Good,Production,1,1,1,1,1,1,1,1,1,1,1,1,1,1
6865,151,Good,Production,1,1,1,1,1,1,1,1,1,1,1,1,1,1
6866,151,Good,Production,1,1,1,1,1,1,1,1,1,1,1,1,1,1
6867,151,Good,Production,1,1,1,1,1,1,1,1,1,1,1,1,1,1
6868,151,Good,Production,1,1,1,1,1,1,1,1,1,1,1,1,1,1
6883,151,Good,Production,1,1,1,1,1,1,1,1,1,1,1,1,1,1
6884,151,Good,Production,1,1,1,1,1,1,1,1,1,1,1,1,1,1
6885,151,Good,Production,1,1,1,1,1,1,1,1,1,1,1,1,1,1
6886,151,Good,Production,1,1,1,1,1,1,1,1,1,1,1,1,1,1
6887,151,Good,Production,1,1,1,1,1,1,1,1,1,1,1,1,1,1
6888,151,Good,Production,1,1,1,1,1,1,1,1,1,1,1,1,1,1
6889,152,Good,Production,1,1,1,1,1,1,1,1,1,1,1,1,1,1
6890,152,Good,Production,1,1,1,1,1,1,1,1,1,1,1,1,1,1
6891,152,Good,Production,1,1,1,1,1,1,1,1,1,1,1,1,1,1
6892,152,Good,Production,1,1,1,1,1,1,1,1,1,1,1,1,1,1
6893,152,Good,Production,1,1,1,1,1,1,1,1,1,1,1,1,1,1
6894,152,Good,Production,1,1,1,1,1,1,1,1,1,1,1,1,1,1
6895,152,Good,Production,1,1,1,1,1,1,1,1,1,1,1,1,1,1
6896,152,Good,Production,1,1,1,1,1,1,1,1,1,1,1,1,1,1
6909,152,Good,Production,1,1,1,1,1,1,1,1,1,1,1,1,1,1
6910,152,Good,Production,1,1,1,1,1,1,1,1,1,1,1,1,1,1
6913,152,Good,Production,1,1,1,1,1,1,1,1,1,1,1,1,1,1
6914,152,Good,Production,1,1,1,1,1,1,1,1,1,1,1,1,1,1
6915,152,Good,Production,1,1,1,1,1,1,1,1,1,1,1,1,1,1
6916,152,Good,Production,1,1,1,1,1,1,1,1,1,1,1,1,1,1
6917,153,Good,Production,1,1,1,1,1,1,1,1,1,1,1,1,1,1
6918,153,Good,Production,1,1,1,1,1,1,1,1,1,1,1,1,1,1
6919,153,Good,Production,1,1,1,1,1,1,1,1,1,1,1,1,1,1
6920,153,Good,Production,1,1,1,1,1,1,1,1,1,1,1,1,1,1
6921,153,Good,Production,1,1,1,1,1,1,1,1,1,1,1,1,1,1
6922,153,Good,Production,1,1,1,1,1,1,1,1,1,1,1,1,1,1
6923,153,Good,Production,1,1,1,1,1,1,1,1,1,1,1,1,1,1
6924,153,Good,Production,1,1,1,1,1,1,1,1,1,1,1,1,1,1
6925,153,Good,Production,1,1,1,1,1,1,1,1,1,1,1,1,1,1
6926,153,Good,Production,1,1,1,1,1,1,1,1,1,1,1,1,1,1
6927,153,Good,Production,1,1,1,1,1,1,1,1,1,1,1,1,1,1
6928,153,Good,Production,1,1,1,1,1,1,1,1,1,1,1,1,1,1
6929,153,Good,Production,1,1,1,1,1,1,1,1,1,1,1,1,1,1
6932,154,Good,Production,1,1,1,1,1,1,1,1,1,1,1,1,1,1
6933,154,Good,Production,1,1,1,1,1,1,1,1,1,1,1,1,1,1
6934,154,Good,Production,1,1,1,1,1,1,1,1,1,1,1,1,1,1
6935,154,Good,Production,1,1,1,1,1,1,1,1,1,1,1,1,1,1
6936,154,Good,Production,1,1,1,1,1,1,1,1,1,1,1,1,1,1
6937,154,Good,Production,1,1,1,1,1,1,1,1,1,1,1,1,1,1
6938,154,Good,Production,1,1,1,1,1,1,1,1,1,1,1,1,1,1
6939,154,Good,Production,1,1,1,1,1,1,1,1,1,1,1,1,1,1
6940,154,Good,Production,1,1,1,1,1,1,1,1,1,1,1,1,1,1
6941,154,Good,Production,1,1,1,1,1,1,1,1,1,1,1,1,1,1
6942,154,Good,Production,1,1,1,1,1,1,1,1,1,1,1,1,1,1
6943,155,Good,Production,1,1,1,1,1,1,1,1,1,1,1,1,1,1
6944,155,Good,Production,1,1,1,1,1,1,1,1,1,1,1,1,1,1
6945,155,Good,Production,1,1,1,1,1,1,1,1,1,1,1,1,1,1
6946,155,Good,Production,1,1,1,1,1,1,1,1,1,1,1,1,1,1
6947,155,Good,Production,1,1,1,1,1,1,1,1,1,1,1,1,1,1
6948,155,Good,Production,1,1,1,1,1,1,1,1,1,1,1,1,1,1
6949,155,Good,Production,1,1,1,1,1,1,1,1,1,1,1,1,1,1
6950,155,Good,Production,1,1,1,1,1,1,1,1,1,1,1,1,1,1
6951,155,Good,Production,1,1,1,1,1,1,1,1,1,1,1,1,1,1
6953,155,Good,Production,1,1,1,1,1,1,1,1,1,1,1,1,1,1
6954,155,Good,Production,1,1,1,1,1,1,1,1,1,1,1,1,1,1
6955,156,Good,Production,1,1,1,1,1,1,1,1,1,1,1,1,1,1
6956,156,Good,Production,1,1,1,1,1,1,1,1,1,1,1,1,1,1
6959,156,Good,Production,1,1,1,1,1,1,1,1,1,1,1,1,1,1
6960,156,Good,Production,1,1,1,1,1,1,1,1,1,1,1,1,1,1
6961,156,Good,Production,1,1,1,1,1,1,1,1,1,1,1,1,1,1
6962,156,Good,Production,1,1,1,1,1,1,1,1,1,1,1,1,1,1
6963,156,Good,Production,1,1,1,1,1,1,1,1,1,1,1,1,1,1
6964,156,Good,Production,1,1,1,1,1,1,1,1,1,1,1,1,1,1
6965,156,Good,Production,1,1,1,1,1,1,1,1,1,1,1,1,1,1
6966,156,Good,Production,1,1,1,1,1,1,1,1,1,1,1,1,1,1
6967,156,Good,Production,1,1,1,1,1,1,1,1,1,1,1,1,1,1
6968,156,Good,Production,1,1,1,1,1,1,1,1,1,1,1,1,1,1
6969,157,Good,Production,1,1,1,1,1,1,1,1,1,1,1,1,1,1
6970,157,Good,Production,1,1,1,1,1,1,1,1,1,1,1,1,1,1
6971,157,Good,Production,1,1,1,1,1,1,1,1,1,1,1,1,1,1
6972,157,Good,Production,1,1,1,1,1,1,1,1,1,1,1,1,1,1
6973,157,Good,Production,1,1,1,1,1,1,1,1,1,1,1,1,1,1
6974,157,Good,Production,1,1,1,1,1,1,1,1,1,1,1,1,1,1
6975,157,Good,Production,1,1,1,1,1,1,1,1,1,1,1,1,1,1
6976,157,Good,Production,1,1,1,1,1,1,1,1,1,1,1,1,1,1
6977,157,Good,Production,1,1,1,1,1,1,1,1,1,1,1,1,1,1
6978,157,Good,Production,1,1,1,1,1,1,1,1,1,1,1,1,1,1
6980,157,Good,Production,1,1,1,1,1,1,1,1,1,1,1,1,1,1
6981,157,Good,Production,1,1,1,1,1,1,1,1,1,1,1,1,1,1
6982,157,Good,Production,1,1,1,1,1,1,1,1,1,1,1,1,1,1
6983,157,Good,Production,1,1,1,1,1,1,1,1,1,1,1,1,1,1
6987,157,Good,Production,1,1,1,1,1,1,1,1,1,1,1,0,1,0
6988,157,Good,Production,1,1,1,1,1,1,1,1,1,1,1,1,1,1
6989,157,Good,Production,1,1,1,1,1,1,1,1,1,1,1,1,1,1
6991,158,Good,Production,1,1,1,1,1,1,1,1,1,1,1,1,1,1
6992,158,Good,Production,1,1,1,1,1,1,1,1,1,1,1,1,1,1
6994,158,Good,Production,1,1,1,1,1,1,1,1,1,1,1,1,1,1
6995,158,Good,Production,1,1,1,1,1,1,1,1,1,1,1,1,1,1
6996,158,Good,Production,1,1,1,1,1,1,1,1,1,1,1,1,1,1
6997,158,Good,Production,1,1,1,1,1,1,1,1,1,1,1,1,1,1
6998,158,Good,Production,1,1,1,1,1,1,1,1,1,1,1,1,1,1
6999,158,Good,Production,1,1,1,1,1,1,1,1,1,1,1,1,1,1
7000,158,Good,Production,1,1,1,1,1,1,1,1,1,1,1,1,1,1
7001,158,Good,Production,1,1,1,1,1,1,1,1,1,1,1,1,1,1
7002,158,Good,Production,1,1,1,1,1,1,1,1,1,1,1,1,1,1
7003,158,Good,Production,1,1,1,1,1,1,1,1,1,1,1,1,1,1
7004,158,Good,Production,1,1,1,1,1,1,1,1,1,1,1,1,1,1
7005,159,Good,Production,1,1,1,1,1,1,1,1,1,1,1,1,1,1
7006,159,Good,Production,1,1,1,1,1,1,1,1,1,1,1,1,1,1
7007,159,Good,Production,1,1,1,1,1,1,1,1,1,1,1,1,1,1
7008,159,Good,Production,1,1,1,1,1,1,1,1,1,1,1,1,1,1
7009,159,Good,Calibration,1,1,1,1,1,1,1,1,1,1,1,1,1,1
7010,159,Good,Production,1,1,1,1,1,1,1,1,1,1,1,1,1,1
7011,159,Good,Production,1,1,1,1,1,1,1,1,1,1,1,1,1,1
7012,159,Good,Production,1,1,1,1,1,1,1,1,1,1,1,1,1,1
7013,159,Good,Production,1,1,1,1,1,1,1,1,1,1,1,1,1,1
7014,159,Good,Production,1,1,1,1,1,1,1,1,1,1,1,1,1,1
7015,159,Good,Production,1,1,1,1,1,1,1,1,1,1,1,1,1,1
7016,159,Good,Production,1,1,1,1,1,1,1,1,1,1,1,1,1,1
7017,160,Good,Production,1,1,1,1,1,1,1,1,1,1,1,1,1,1
7018,160,Good,Production,1,1,1,1,1,1,1,1,1,1,1,1,1,1
7019,160,Good,Production,1,1,1,1,1,1,1,1,1,1,1,1,1,1
7020,160,Good,Production,1,1,1,1,1,1,1,1,1,1,1,1,1,1
7021,160,Good,Production,1,1,1,1,1,1,1,1,1,1,1,1,1,1
7022,160,Good,Production,1,1,1,1,1,1,1,1,1,1,1,1,1,1
7023,160,Suspicious,Production,1,1,1,1,1,1,1,1,1,1,1,1,1,1
7024,160,Good,Production,1,1,1,1,1,1,1,1,1,1,1,1,1,1
7025,160,Good,Production,1,1,1,1,1,1,1,1,1,1,1,1,1,1
7026,160,Good,Production,1,1,1,1,1,1,1,1,1,1,1,1,1,1
7040,160,Good,Production,1,1,1,1,1,1,1,1,1,1,1,1,1,1
7041,160,Good,Production,1,1,1,1,1,1,1,1,1,1,1,1,1,1
7044,160,Good,Production,1,1,1,1,1,1,1,1,1,1,1,1,1,1
7045,161,Good,Production,1,1,1,1,1,1,1,1,1,1,1,1,1,1
7046,161,Good,Production,1,1,1,1,1,1,1,1,1,1,1,1,1,1
7047,161,Good,Production,1,1,1,1,1,1,1,1,1,1,1,1,1,1
7048,161,Good,Production,1,1,1,1,1,1,1,1,1,1,1,1,1,1
7058,161,Good,Production,1,1,1,1,1,1,1,1,1,1,1,1,1,1
7059,161,Good,Production,1,1,1,1,1,1,1,1,1,1,1,1,1,1
7060,161,Good,Production,1,1,1,1,1,1,1,1,1,1,1,1,1,1
7061,161,Good,Parityscan,1,1,1,1,1,1,1,1,1,1,1,1,1,1
7062,161,Good,Production,1,1,1,1,1,1,1,1,1,1,1,1,1,1
7063,161,Good,Production,1,1,1,1,1,1,1,1,1,1,1,1,1,1
7064,161,Good,Production,1,1,1,1,1,1,1,1,1,1,1,1,1,1
7065,161,Good,Production,1,1,1,1,1,1,1,1,1,1,1,1,1,1
7066,161,Good,Production,1,1,1,1,1,1,1,1,1,1,1,1,1,1
7067,162,Good,Production,1,1,1,1,1,1,1,1,1,1,1,1,1,1
7068,162,Good,Production,1,1,1,1,1,1,1,1,1,1,1,1,1,1
7069,162,Good,Production,1,1,1,1,1,1,1,1,1,1,1,1,1,1
7070,162,Good,Production,1,1,1,1,1,1,1,1,1,1,1,1,1,1
7071,162,Good,Production,1,1,1,1,1,1,1,1,1,1,1,1,1,1
7072,162,Good,Production,1,1,1,1,1,1,1,1,1,1,1,1,1,1
7073,162,Good,Production,1,1,1,1,1,1,1,1,1,1,1,1,1,1
7074,162,Good,Production,1,1,1,1,1,1,1,1,1,1,1,1,1,1
7075,162,Good,Production,1,1,1,1,1,1,1,1,1,1,1,1,1,1
7076,162,Good,Production,1,1,1,1,1,1,1,1,1,1,1,1,1,1
7077,162,Good,Production,1,1,1,1,1,1,1,1,1,1,1,1,1,1
7079,163,Good,Production,1,1,1,1,1,1,1,1,1,1,1,1,1,1
7080,163,Good,Production,1,1,1,1,1,1,1,1,1,1,1,1,1,1
7081,163,Good,Production,1,1,1,1,1,1,1,1,1,1,1,1,1,1
7082,163,Good,Production,1,1,1,1,1,1,1,1,1,1,1,1,1,1
7083,163,Good,Production,1,1,1,1,1,1,1,1,1,1,1,1,1,1
7086,163,Good,Production,1,1,1,1,1,1,1,1,1,1,1,1,1,1
7087,163,Good,Production,1,1,1,1,1,1,1,1,1,1,1,1,1,1
7088,163,Good,Production,1,1,1,1,1,1,1,1,1,1,1,1,1,1
7089,163,Good,Production,1,1,1,1,1,1,1,1,1,1,1,1,1,1
7090,163,Good,Production,1,1,1,1,1,1,1,1,1,1,1,1,1,1
7091,163,Good,Production,1,1,1,1,1,1,1,1,1,1,1,1,1,1
7092,163,Good,Production,1,1,1,1,1,1,1,1,1,1,1,1,1,1
7093,163,Good,Production,1,1,1,1,1,1,1,1,1,1,1,1,1,1
7094,163,Good,Production,1,1,1,1,1,1,1,1,1,1,1,1,1,1
7095,164,Good,Production,1,1,1,1,1,1,1,1,1,1,1,1,1,1
7096,164,Good,Production,1,1,1,1,1,1,1,1,1,1,1,1,1,1
7097,164,Good,Production,1,1,1,1,1,1,1,1,1,1,1,1,1,1
7098,164,Good,Production,1,1,1,1,1,1,1,1,1,1,1,1,1,1
7099,164,Good,Production,1,1,1,1,1,1,1,1,1,1,1,1,1,1
7100,164,Good,Production,1,1,1,1,1,1,1,1,1,1,1,1,1,1
7106,164,Good,Production,1,1,1,1,1,1,1,1,1,1,1,1,1,1
7107,164,Good,Production,1,1,1,1,1,1,1,1,1,1,1,1,1,1
7108,164,Good,Production,1,1,1,1,1,1,1,1,1,1,1,1,1,1
7110,165,Good,Production,1,1,1,1,1,1,1,1,1,1,1,1,1,1
7113,165,Good,Production,1,1,1,1,1,1,1,1,1,1,1,1,1,1
7114,165,Good,Production,1,1,1,1,1,1,1,1,1,1,1,1,1,1
7115,165,Good,Production,1,1,1,1,1,1,1,1,1,1,1,0,1,0
7118,165,Good,Production,1,1,1,1,1,1,1,1,1,1,1,1,1,1
7119,165,Good,Production,1,1,1,1,1,1,1,1,1,1,1,1,1,1
7120,165,Good,Production,1,1,1,1,1,1,1,1,1,1,1,1,1,1
7121,165,Good,Calibration,1,1,1,1,1,1,1,1,1,1,1,1,1,1
7122,165,Good,Production,1,1,1,1,1,1,1,1,1,1,1,0,1,0
7127,165,Good,Production,1,1,1,1,1,1,1,1,1,1,1,1,1,1
7128,165,Good,Production,1,1,1,1,1,1,1,1,1,1,1,1,1,1
7129,165,Good,Production,1,1,1,1,1,1,1,1,1,1,1,1,1,1
7130,166,Good,Production,1,1,1,1,1,1,1,1,1,1,1,1,1,1
7131,166,Good,Production,1,1,1,1,1,1,1,1,1,1,1,1,1,1
7139,166,Good,Production,1,1,1,1,1,1,1,1,1,1,1,1,1,1
7140,166,Good,Production,1,1,1,1,1,1,1,1,1,1,1,1,1,1
7141,166,Good,Production,1,1,1,1,1,1,1,1,1,1,1,1,1,1
7142,166,Good,Production,1,1,1,1,1,1,1,1,1,1,1,1,1,1
7143,166,Good,Production,1,1,1,1,1,1,1,1,1,1,1,1,1,1
7144,166,Good,Production,1,1,1,1,1,1,1,1,1,1,1,1,1,1
7145,167,Good,Production,1,1,1,1,1,1,1,1,1,1,1,1,1,1
7146,167,Good,Production,1,1,1,1,1,1,1,1,1,1,1,1,1,1
7147,167,Good,Production,1,1,1,1,1,1,1,1,1,1,1,1,1,1
7148,167,Good,Production,1,1,1,1,1,1,1,1,1,1,1,1,1,1
7149,167,Good,Production,1,1,1,1,1,1,1,1,1,1,1,1,1,1
7150,167,Good,Production,1,1,1,1,1,1,1,1,1,1,1,1,1,1
7151,167,Good,Production,1,1,1,1,1,1,1,1,1,1,1,1,1,1
7152,167,Good,Production,1,1,1,1,1,1,1,1,1,1,1,1,1,1
7153,167,Good,Production,1,1,1,1,1,1,1,1,1,1,1,1,1,1
7154,167,Good,Production,1,1,1,1,1,1,1,1,1,1,1,1,1,1
7155,168,Good,Production,1,1,1,1,1,1,1,1,1,1,1,1,1,1
7156,168,Good,Production,1,1,1,1,1,1,1,1,1,1,1,1,1,1
7157,168,Good,Production,1,1,1,1,1,1,1,1,1,1,1,1,1,1
7158,168,Good,Production,1,1,1,1,1,1,1,1,1,1,1,1,1,1
7159,168,Good,Production,1,1,1,1,1,1,1,1,1,1,1,1,1,1
7160,168,Good,Production,1,1,1,1,1,1,1,1,1,1,1,1,1,1
7161,168,Good,Production,1,1,1,1,1,1,1,1,1,1,1,1,1,1
7162,168,Good,Production,1,1,1,1,1,1,1,1,1,1,1,1,1,1
7163,168,Good,Production,1,1,1,1,1,1,1,1,1,1,1,1,1,1
7165,168,Good,Production,1,1,1,1,1,1,1,1,1,1,1,1,1,1
7166,168,Good,Parityscan,1,1,1,1,1,1,1,1,1,1,0,0,1,0
7167,168,Good,Production,1,1,1,1,1,1,1,1,1,1,1,1,1,1
7168,168,Good,Production,1,1,1,1,1,1,1,1,1,1,1,1,1,1
7169,169,Good,Production,1,1,1,1,1,1,1,1,1,1,1,1,1,1
7170,169,Good,Production,1,1,1,1,1,1,1,1,1,1,1,1,1,1
7171,169,Good,Production,1,1,1,1,1,1,1,1,1,1,1,1,1,1
7172,169,Good,Production,1,1,1,1,1,1,1,1,1,1,1,1,1,1
7173,169,Good,Production,1,1,1,1,1,1,1,1,1,1,1,1,1,1
7174,169,Good,Production,1,1,1,1,1,1,1,1,1,1,1,1,1,1
7175,169,Good,Production,1,1,1,1,1,1,1,1,1,1,1,1,1,1
7176,169,Good,Production,1,1,1,1,1,1,1,1,1,1,1,1,1,1
7180,169,Good,Production,1,1,1,1,1,1,1,1,1,1,1,1,1,1
7181,169,Good,Production,1,1,1,1,1,1,1,1,1,1,1,1,1,1
7183,170,Good,Production,1,1,1,1,1,1,1,1,1,1,1,1,1,1
7184,170,Good,Production,1,1,1,1,1,1,1,1,1,1,1,1,1,1
7185,170,Good,Production,1,1,1,1,1,1,1,1,1,1,1,1,1,1
7186,170,Good,Production,1,1,1,1,1,1,1,1,1,1,1,1,1,1
7187,170,Good,Production,1,1,1,1,1,1,1,1,1,1,1,1,1,1
7188,170,Good,Production,1,1,1,1,1,1,1,1,1,1,1,1,1,1
7189,170,Good,Production,1,1,1,1,1,1,1,1,1,1,1,1,1,1
7190,170,Good,Production,1,1,1,1,1,1,1,1,1,1,1,1,1,1
7191,170,Good,Production,1,1,1,1,1,1,1,1,1,1,1,1,1,1
7192,170,Good,Production,1,1,1,1,1,1,1,1,1,1,1,1,1,1
7193,170,Good,Production,1,1,1,1,1,1,1,1,1,1,0,0,1,0
7195,171,Good,Production,1,1,1,1,1,1,1,1,1,1,1,1,1,1
7196,171,Good,Production,1,1,1,1,1,1,1,1,1,1,1,1,1,1
7207,171,Good,Production,1,1,1,1,1,1,1,1,1,1,1,1,1,1
7208,171,Good,Production,1,1,1,1,1,1,1,1,1,1,1,1,1,1
7209,171,Good,Production,1,1,1,1,1,1,1,1,1,1,1,1,1,1
7210,171,Good,Production,1,1,1,1,1,1,1,1,1,1,1,1,1,1
7211,171,Good,Production,1,1,1,1,1,1,1,1,1,1,1,1,1,1
7212,171,Good,Production,1,1,1,1,1,1,1,1,1,1,1,1,1,1
7213,171,Good,Production,1,1,1,1,1,1,1,1,1,1,1,1,1,1
7214,171,Good,Production,1,1,1,1,1,1,1,1,1,1,1,1,1,1
7215,171,Good,Production,1,1,1,1,1,1,1,1,1,1,1,1,1,1
7216,172,Good,Production,1,1,1,1,1,1,1,1,1,1,1,1,1,1
7226,172,Good,Production,1,1,1,1,1,1,1,1,1,1,1,1,1,1
7227,172,Good,Production,1,1,1,1,1,1,1,1,1,1,1,1,1,1
7228,172,Good,Production,1,1,1,1,1,1,1,1,1,1,1,1,1,1
7229,172,Good,Production,1,1,1,1,1,1,1,1,1,1,1,1,1,1
7230,172,Good,Production,1,1,1,1,1,1,1,1,1,1,1,1,1,1
7232,172,Suspicious,Production,1,1,1,1,1,1,1,1,1,1,1,1,1,1
7235,172,Good,Production,1,1,1,1,1,1,1,1,1,1,1,1,1,1
7236,172,Good,Production,1,1,1,1,1,1,1,1,1,1,1,1,1,1
7237,172,Good,Production,1,1,1,1,1,1,1,1,1,1,1,1,1,1
7238,172,Good,Production,1,1,1,1,1,1,1,1,1,1,1,1,1,1
7239,172,Good,Production,1,1,1,1,1,1,1,1,1,1,1,1,1,1
7241,173,Good,Production,1,1,1,1,1,1,1,1,1,1,1,1,1,1
7242,173,Good,Production,1,1,1,1,1,1,1,1,1,1,1,1,1,1
7243,173,Good,Production,1,1,1,1,1,1,1,1,1,1,1,1,1,1
7244,173,Good,Production,1,1,1,1,1,1,1,1,1,1,1,1,1,1
7245,173,Good,Production,1,1,1,1,1,1,1,1,1,1,1,1,1,1
7246,173,Good,Production,1,1,1,1,1,1,1,1,1,1,1,1,1,1
7247,173,Good,Production,1,1,1,1,1,1,1,1,1,1,1,1,1,1
7248,173,Good,Production,1,1,1,1,1,1,1,1,1,1,1,1,1,1
7249,173,Good,Production,1,1,1,1,1,1,1,1,1,1,1,1,1,1
7251,173,Good,Production,1,1,1,1,1,1,1,1,1,1,1,1,1,1
7252,173,Good,Production,1,1,1,1,1,1,1,1,1,1,1,1,1,1
7253,173,Good,Production,1,1,1,1,1,1,1,1,1,1,1,1,1,1
7255,174,Good,Production,1,1,1,1,1,1,1,1,1,1,1,1,1,1
7256,174,Good,Production,1,1,1,1,1,1,1,1,1,1,1,1,1,1
7257,174,Good,Production,1,1,1,1,1,1,1,1,1,1,1,1,1,1
7258,174,Good,Production,1,1,1,1,1,1,1,1,1,1,1,1,1,1
7259,174,Good,Production,1,1,1,1,1,1,1,1,1,1,1,1,1,1
7260,174,Good,Production,1,1,1,1,1,1,1,1,1,1,1,1,1,1
7261,174,Good,Production,1,1,1,1,1,1,1,1,1,1,1,1,1,1
7262,174,Good,Production,1,1,1,1,1,1,1,1,1,1,1,1,1,1
7263,174,Good,Production,1,1,1,1,1,1,1,1,1,1,1,1,1,1
7264,174,Good,Production,1,1,1,1,1,1,1,1,1,1,1,1,1,1
7265,174,Good,Production,1,1,1,1,1,1,1,1,1,1,1,1,1,1
7266,175,Good,Production,1,1,1,1,1,1,1,1,1,1,1,1,1,1
7267,175,Good,Production,1,1,1,1,1,1,1,1,1,1,1,1,1,1
7268,175,Good,Production,1,1,1,1,1,1,1,1,1,1,1,1,1,1
7279,175,Good,Calibration,1,1,1,1,1,1,1,1,1,1,0,0,1,0
7282,175,Good,Calibration,1,1,1,1,1,1,1,1,1,1,0,0,1,0
7283,175,Good,Production,1,1,1,1,1,1,1,1,1,1,1,1,1,1
7284,175,Good,Production,1,1,1,1,1,1,1,1,1,1,1,1,1,1
7285,175,Good,Production,1,1,1,1,1,1,1,1,1,1,1,1,1,1
7286,175,Good,Production,1,1,1,1,1,1,1,1,1,1,1,1,1,1
7287,175,Good,Production,1,1,1,1,1,1,1,1,1,1,1,1,1,1
7288,175,Good,Production,1,1,1,1,1,1,1,1,1,1,1,1,1,1
7289,175,Good,Production,1,1,1,1,1,1,1,1,1,1,1,1,1,1
7291,175,Suspicious,Production,1,1,1,1,1,1,1,1,1,1,1,1,1,1
7292,175,Good,Production,1,1,1,1,1,1,1,1,1,1,1,1,1,1
7293,175,Good,Production,1,1,1,1,1,1,1,1,1,1,1,1,1,1
7294,175,Suspicious,Production,1,1,1,1,1,1,1,1,1,1,1,1,1,1
7295,176,Good,Production,1,1,1,1,1,1,1,1,1,1,1,1,1,1
7296,176,Suspicious,Production,1,1,1,1,1,1,1,1,1,1,1,1,1,1
7297,176,Suspicious,Production,1,1,1,1,1,1,1,1,1,1,1,1,1,1
7304,176,Suspicious,Production,1,1,1,1,1,1,1,1,1,1,1,1,1,1
7305,176,Suspicious,Production,1,1,1,1,1,1,1,1,1,1,1,1,1,1
7306,176,Good,Production,1,1,1,1,1,1,1,1,1,1,1,1,1,1
7307,176,Suspicious,Production,1,1,1,1,1,1,1,1,1,1,1,1,1,1
7310,176,Good,Production,1,1,1,1,1,1,1,1,1,1,1,1,1,1
7311,176,Good,Production,1,1,1,1,1,1,1,1,1,1,1,1,1,1
7312,176,Good,Production,1,1,1,1,1,1,1,1,1,1,1,1,1,1
7313,177,Good,Production,1,1,1,1,1,1,1,1,1,1,1,1,1,1
7314,177,Good,Production,1,1,1,1,1,1,1,1,1,1,1,1,1,1
7315,177,Good,Production,1,1,1,1,1,1,1,1,1,1,1,1,1,1
7316,177,Good,Production,1,1,1,1,1,1,1,1,1,1,1,1,1,1
7317,177,Good,Production,1,1,1,1,1,1,1,1,1,1,1,1,1,1
7318,177,Good,Production,1,1,1,1,1,1,1,1,1,1,1,1,1,1
7319,177,Good,Production,1,1,1,1,1,1,1,1,1,1,1,1,1,1
7320,177,Good,Production,1,1,1,1,1,1,1,1,1,1,1,1,1,1
7321,177,Good,Production,1,1,1,1,1,1,1,1,1,1,1,1,1,1
7322,177,Good,Production,1,1,1,1,1,1,1,1,1,1,1,1,1,1
7323,177,Good,Production,1,1,1,1,1,1,1,1,1,1,1,1,1,1
7324,178,Good,Production,1,1,1,1,1,1,1,1,1,1,1,1,1,1
7325,178,Good,Parityscan,1,1,1,1,1,1,1,1,1,1,1,0,1,0
7326,178,Good,Production,1,1,1,1,1,1,1,1,1,1,1,1,1,1
7328,178,Good,Production,1,1,1,1,1,1,1,1,1,1,1,1,1,1
7329,178,NeedCut,Parityscan,1,1,1,1,1,1,1,1,1,1,1,1,1,1
7330,178,Good,Calibration,1,1,1,1,1,1,1,1,1,1,1,0,1,0
7331,178,Good,Production,1,1,1,1,1,1,1,1,1,1,1,1,1,1
7332,178,Good,Production,1,1,1,1,1,1,1,1,1,1,1,1,1,1
7333,178,Good,Production,1,1,1,1,1,1,1,1,1,1,1,1,1,1
7336,178,Good,Production,1,1,1,1,1,1,1,1,1,1,1,1,1,1
7337,178,Good,Production,1,1,1,1,1,1,1,1,1,1,1,1,1,1
7338,178,Good,Production,1,1,1,1,1,1,1,1,1,1,1,1,1,1
7339,178,Good,Production,1,1,1,1,1,1,1,1,1,1,1,1,1,1
7340,178,Good,Production,1,1,1,1,1,1,1,1,1,1,1,1,1,1
7341,179,Good,Production,1,1,1,1,1,1,1,1,1,1,1,1,1,1
7342,179,Good,Production,1,1,1,1,1,1,1,1,1,1,1,1,1,1
7343,179,Good,Production,1,1,1,1,1,1,1,1,1,1,1,1,1,1
7344,179,Good,Production,1,1,1,1,1,1,1,1,1,1,1,1,1,1
7345,179,Good,Production,1,1,1,1,1,1,1,1,1,1,1,1,1,1
7346,179,Good,Production,1,1,1,1,1,1,1,1,1,1,1,1,1,1
7347,179,Suspicious,Production,1,1,1,1,1,1,1,1,1,1,1,1,1,1
7348,179,Good,Production,1,1,1,1,1,1,1,1,1,1,1,1,1,1
7349,179,Good,Production,1,1,1,1,1,1,1,1,1,1,1,1,1,1
7350,179,Good,Production,1,1,1,1,1,1,1,1,1,1,1,1,1,1
7351,180,Good,Production,1,1,1,1,1,1,1,1,1,1,1,1,1,1
7352,180,Good,Production,1,1,1,1,1,1,1,1,1,1,1,1,1,1
7353,180,Good,Production,1,1,1,1,1,1,1,1,1,1,1,1,1,1
7354,180,Good,Production,1,1,1,1,1,1,1,1,1,1,1,1,1,1
7355,180,Good,Production,1,1,1,1,1,1,1,1,1,1,1,1,1,1
7356,180,Good,Production,1,1,1,1,1,1,1,1,1,1,1,1,1,1
7357,180,Good,Production,1,1,1,1,1,1,1,1,1,1,1,1,1,1
7358,180,Good,Parityscan,1,1,1,1,1,1,1,1,1,1,0,0,1,0
7359,180,Good,Parityscan,1,1,1,1,1,1,1,1,1,1,1,1,1,1
7360,180,Good,Parityscan,1,1,1,1,1,1,1,1,1,1,1,1,1,1
7361,180,Good,Parityscan,1,1,1,1,1,1,1,1,1,1,1,1,1,1
7362,180,Good,Parityscan,1,1,1,1,1,1,1,1,1,1,0,0,1,0
7363,180,Good,Production,1,1,1,1,1,1,1,1,1,1,1,1,1,1
7364,180,Good,Production,1,1,1,1,1,1,1,1,1,1,1,1,1,1
7365,180,Good,Production,1,1,1,1,1,1,1,1,1,1,1,1,1,1
7368,180,Good,Production,1,1,1,1,1,1,1,1,1,1,1,1,1,1
7369,181,Good,Production,1,1,1,1,1,1,1,1,1,1,1,1,1,1
7370,181,Good,Production,1,1,1,1,1,1,1,1,1,1,1,1,1,1
7371,181,Good,Production,1,1,1,1,1,1,1,1,1,1,1,1,1,1
7372,181,Good,Production,1,1,1,1,1,1,1,1,1,1,1,1,1,1
7373,181,Good,Production,1,1,1,1,1,1,1,1,1,1,1,1,1,1
7374,181,Good,Production,1,1,1,1,1,1,1,1,1,1,1,1,1,1
7375,181,Good,Production,1,1,1,1,1,1,1,1,1,1,1,1,1,1
7376,181,Good,Production,1,1,1,1,1,1,1,1,1,1,1,1,1,1
7377,181,Good,Production,1,1,1,1,1,1,1,1,1,1,1,1,1,1
7378,181,Good,Production,1,1,1,1,1,1,1,1,1,1,1,1,1,1
7379,182,Good,Production,1,1,1,1,1,1,1,1,1,1,1,1,1,1
7391,182,Good,Production,1,1,1,1,1,1,1,1,1,1,1,1,1,1
7392,182,Good,Production,1,1,1,1,1,1,1,1,1,1,1,1,1,1
7393,182,Good,Production,1,1,1,1,1,1,1,1,1,1,1,1,1,1
7394,182,Good,Production,1,1,1,1,1,1,1,1,1,1,1,1,1,1
7395,182,Good,Production,1,1,1,1,1,1,1,1,1,1,1,1,1,1
7396,182,Good,Production,1,1,1,1,1,1,1,1,1,1,1,1,1,1
7397,182,Good,Production,1,1,1,1,1,1,1,1,1,1,1,1,1,1
7398,182,Good,Production,1,1,1,1,1,1,1,1,1,1,1,1,1,1
7399,182,Good,Production,1,1,1,1,1,1,1,1,1,1,1,1,1,1
7401,182,Good,Production,1,1,1,1,1,1,1,1,1,1,1,1,1,1
7402,183,NeedCut,Production,1,1,1,1,1,1,1,1,1,1,1,1,1,1
7403,183,Good,Production,1,1,1,1,1,1,1,1,1,1,1,1,1,1
7404,183,Good,Production,1,1,1,1,1,1,1,1,1,1,1,1,1,1
7405,183,Good,Calibration,1,1,1,1,1,1,1,1,1,1,0,0,1,0
7406,183,Good,Calibration,1,1,1,1,1,1,1,1,1,1,0,0,1,0
7407,183,Good,Calibration,1,1,1,1,1,1,1,1,1,1,0,0,1,0
7408,183,Good,Production,1,1,1,1,1,1,1,1,1,1,1,1,1,1
7409,183,Good,Production,1,1,1,1,1,1,1,1,1,1,1,1,1,1
7413,183,Good,Production,1,1,1,1,1,1,1,1,1,1,1,1,1,1
7414,183,Good,Production,1,1,1,1,1,1,1,1,1,1,1,1,1,1
7415,183,Good,Production,1,1,1,1,1,1,1,1,1,1,1,1,1,1
7416,183,Good,Production,1,1,1,1,1,1,1,1,1,1,1,1,1,1
7417,183,Good,Production,1,1,1,1,1,1,1,1,1,1,1,1,1,1
7418,183,Good,Production,1,1,1,1,1,1,1,1,1,1,1,1,1,1
7419,183,Good,Production,1,1,1,1,1,1,1,1,1,1,1,1,1,1
7423,184,Good,Production,1,1,1,1,1,1,1,1,1,1,1,1,1,1
7424,184,Good,Production,1,1,1,1,1,1,1,1,1,1,1,1,1,1
7425,184,Good,Production,1,1,1,1,1,1,1,1,1,1,1,1,1,1
7426,184,Good,Production,1,1,1,1,1,1,1,1,1,1,1,1,1,1
7427,184,Good,Production,1,1,1,1,1,1,1,1,1,1,1,1,1,1
7428,185,Good,Production,1,1,1,1,1,1,1,1,1,1,1,1,1,1
7429,185,Good,Production,1,1,1,1,1,1,1,1,1,1,1,1,1,1
7430,185,Good,Production,1,1,1,1,1,1,1,1,1,1,1,1,1,1
7626,186,Suspicious,Production,1,1,1,1,1,1,1,1,1,1,0,0,1,0
7627,186,Good,Production,1,1,1,1,1,1,1,1,1,1,1,1,1,1
7628,186,Good,Production,1,1,1,1,1,1,1,1,1,1,1,1,1,1
7629,186,Good,Production,1,1,1,1,1,1,1,1,1,1,1,1,1,1
7630,186,Good,Production,1,1,1,1,1,1,1,1,1,1,1,1,1,1
7631,186,Good,Production,1,1,1,1,1,1,1,1,1,1,1,1,1,1
7632,186,Good,Production,1,1,1,1,1,1,1,1,1,1,1,1,1,1
7633,186,None,Calibration,1,1,1,1,1,1,1,1,1,1,1,1,1,1
7634,186,Good,Production,1,1,1,1,1,1,1,1,1,1,1,1,1,1
7635,186,Good,Production,1,1,1,1,1,1,1,1,1,1,1,1,1,1
7657,187,Good,Production,1,1,1,1,1,1,1,1,1,1,1,1,1,1
7658,187,Good,Production,1,1,1,1,1,1,1,1,1,1,1,1,1,1
7660,187,Good,Production,1,1,1,1,1,1,1,1,1,1,1,1,1,1
7661,187,Good,Production,1,1,1,1,1,1,1,1,1,1,1,1,1,1
7678,188,None,Production,1,1,1,1,0,1,1,1,0,0,1,0,1,0
7679,188,Good,Production,1,1,1,1,1,1,1,1,1,1,1,1,1,1
7681,188,Good,Production,1,1,1,1,1,1,1,1,1,1,1,1,1,1
7682,188,Good,Production,1,1,1,1,1,1,1,1,1,1,1,1,1,1
7683,188,Good,Production,1,1,1,1,1,1,1,1,1,1,1,1,1,1
7684,188,Good,Production,1,1,1,1,1,1,1,1,1,1,1,1,1,1
7685,188,Good,Production,1,1,1,1,1,1,1,1,1,1,1,1,1,1
7686,188,Good,Production,1,1,1,1,1,1,1,1,1,1,1,1,1,1
7687,188,Good,Production,1,1,1,1,1,1,1,1,1,1,1,1,1,1
7693,188,Good,Production,1,1,1,1,1,1,1,1,1,1,1,1,1,1
7694,188,Good,Production,1,1,1,1,1,1,1,1,1,1,1,1,1,1
7697,188,Good,Production,1,1,1,1,1,1,1,1,1,1,1,1,1,1
7698,188,Good,Production,1,1,1,1,1,1,1,1,1,1,1,1,1,1
7699,188,Good,Production,1,1,1,1,1,1,1,1,1,1,1,1,1,1
7700,188,Good,Production,1,1,1,1,1,1,1,1,1,1,1,1,1,1
7701,188,Good,Production,1,1,1,1,1,1,1,1,1,1,1,1,1,1
7702,188,Good,Production,1,1,1,1,1,1,1,1,1,1,1,1,1,1
7703,188,Good,Production,1,1,1,1,1,1,1,1,1,1,1,1,1,1
7704,188,Good,Production,1,1,1,1,1,1,1,1,1,1,1,1,1,1
7705,188,Good,Production,1,1,1,1,1,1,1,1,1,1,1,1,1,1
7706,189,Good,Production,1,1,1,1,1,1,1,1,1,1,1,1,1,1
7707,189,Good,Production,1,1,1,1,1,1,1,1,1,1,1,1,1,1
7708,189,None,Parityscan,1,1,1,1,1,1,1,1,1,1,0,0,1,0
7709,189,None,Pedestal,1,1,1,1,0,1,1,1,0,0,0,0,1,0
7710,189,None,Pedestal,1,1,1,1,1,1,1,1,1,1,0,0,1,0
7711,189,None,Pedestal,1,1,1,1,1,1,1,1,1,1,0,0,1,0
7712,189,None,Calibration,1,1,1,1,1,1,1,1,1,1,0,0,1,0
7713,189,Good,Production,1,1,1,1,1,1,1,1,1,1,1,1,1,1
7714,189,Good,Production,1,1,1,1,1,1,1,1,1,1,1,1,1,1
7715,189,Good,Production,1,1,1,1,1,1,1,1,1,1,1,1,1,1
7716,189,Good,Production,1,1,1,1,1,1,1,1,1,1,1,1,1,1
7717,189,Good,Production,1,1,1,1,1,1,1,1,1,1,1,1,1,1
7718,189,Good,Production,1,1,1,1,1,1,1,1,1,1,1,0,1,0
7719,189,Good,Production,1,1,1,1,1,1,1,1,1,1,1,1,1,1
7720,189,Good,Production,1,1,1,1,1,1,1,1,1,1,1,1,1,1
7721,189,None,Production,1,1,1,1,0,1,1,1,0,0,1,1,1,1
7734,189,Good,Production,1,1,1,1,1,1,1,1,1,1,1,1,1,1
7735,189,Good,Production,1,1,1,1,1,1,1,1,1,1,1,1,1,1
7736,189,Good,Production,1,1,1,1,1,1,1,1,1,1,1,1,1,1
7737,189,Good,Production,1,1,1,1,1,1,1,1,1,1,1,1,1,1
7738,190,Good,Production,1,1,1,1,1,1,1,1,1,1,1,1,1,1
7739,190,Good,Production,1,1,1,1,1,1,1,1,1,1,1,1,1,1
7740,190,Good,Production,1,1,1,1,1,1,1,1,1,1,1,1,1,1
7741,190,Good,Production,1,1,1,1,1,1,1,1,1,1,1,1,1,1
7742,190,Good,Production,1,1,1,1,1,1,1,1,1,1,1,1,1,1
7743,190,Good,Production,1,1,1,1,1,1,1,1,1,1,1,1,1,1
7759,190,Good,Production,1,1,1,1,1,1,1,1,1,1,1,1,1,1
7760,191,Good,Production,1,1,1,1,1,1,1,1,1,1,1,1,1,1
7762,191,Good,Production,1,1,1,1,1,1,1,1,1,1,1,1,1,1
7763,191,Good,Production,1,1,1,1,1,1,1,1,1,1,1,1,1,1
7764,191,Good,Production,1,1,1,1,1,1,1,1,1,1,1,1,1,1
7765,191,Good,Production,1,1,1,1,1,1,1,1,1,1,1,1,1,1
7766,191,Good,Production,1,1,1,1,1,1,1,1,1,1,1,1,1,1
7776,192,Good,Production,1,1,1,1,1,1,1,1,1,1,1,1,1,1
7777,192,None,Calibration,1,1,1,1,0,1,1,1,0,0,0,0,1,0
7778,192,Good,Production,1,1,1,1,1,1,1,1,1,1,1,1,1,1
7779,192,Good,Production,1,1,1,1,1,1,1,1,1,1,1,1,1,1
7780,192,Good,Production,1,1,1,1,1,1,1,1,1,1,1,1,1,1
7781,192,Good,Production,1,1,1,1,1,1,1,1,1,1,1,1,1,1
7782,192,Good,Production,1,1,1,1,1,1,1,1,1,1,1,1,1,1
7783,192,Good,Production,1,1,1,1,1,1,1,1,1,1,1,1,1,1
7784,192,Good,Production,1,1,1,1,1,1,1,1,1,1,1,1,1,1
7785,192,Good,Production,1,1,1,1,1,1,1,1,1,1,1,1,1,1
7786,193,Good,Production,1,1,1,1,1,1,1,1,1,1,1,1,1,1
7787,193,Good,Production,1,1,1,1,1,1,1,1,1,1,1,1,1,1
7788,193,Good,Production,1,1,1,1,1,1,1,1,1,1,1,1,1,1
7789,193,Good,Production,1,1,1,1,1,1,1,1,1,1,1,1,1,1
7790,193,Good,Production,1,1,1,1,1,1,1,1,1,1,1,1,1,1
7791,193,Good,Production,1,1,1,1,1,1,1,1,1,1,1,1,1,1
7792,193,Good,Production,1,1,1,1,1,1,1,1,1,1,1,1,1,1
7793,193,Good,Production,1,1,1,1,1,1,1,1,1,1,1,1,1,1
7794,193,Good,Production,1,1,1,1,1,1,1,1,1,1,1,1,1,1
7795,193,Good,Production,1,1,1,1,1,1,1,1,1,1,1,1,1,1
7796,193,Good,Production,1,1,1,1,1,1,1,1,1,1,1,1,1,1
7797,193,Good,Production,1,1,1,1,1,1,1,1,1,1,1,1,1,1
7799,192,Good,Production,1,1,1,1,1,1,1,1,1,1,1,1,1,1
7800,192,Good,Production,1,1,1,1,1,1,1,1,1,1,1,1,1,1
7801,192,Good,Production,1,1,1,1,1,1,1,1,1,1,1,1,1,1
7802,192,Good,Production,1,1,1,1,1,1,1,1,1,1,1,1,1,1
7803,192,Good,Production,1,1,1,1,1,1,1,1,1,1,1,1,1,1
7804,192,Good,Production,1,1,1,1,1,1,1,1,1,1,1,1,1,1
7805,192,Good,Production,1,1,1,1,1,1,1,1,1,1,1,1,1,1
7806,192,Good,Production,1,1,1,1,1,1,1,1,1,1,1,1,1,1
7807,194,Good,Production,1,1,1,1,1,1,1,1,1,1,1,1,1,1
7808,194,Good,Production,1,1,1,1,1,1,1,1,1,1,1,1,1,1
7809,194,Good,Production,1,1,1,1,1,1,1,1,1,1,1,1,1,1
7810,194,Good,Production,1,1,1,1,1,1,1,1,1,1,1,1,1,1
7811,194,Good,Production,1,1,1,1,1,1,1,1,1,1,1,1,1,1
7812,194,Good,Production,1,1,1,1,1,1,1,1,1,1,1,1,1,1
7813,194,Good,Production,1,1,1,1,1,1,1,1,1,1,1,1,1,1
7814,194,Good,Production,1,1,1,1,1,1,1,1,1,1,1,1,1,1
7815,194,Good,Production,1,1,1,1,1,1,1,1,1,1,1,1,1,1
7816,194,Good,Production,1,1,1,1,1,1,1,1,1,1,1,1,1,1
7817,194,Good,Production,1,1,1,1,1,1,1,1,1,1,1,1,1,1
7835,195,Good,Production,1,1,1,1,1,1,1,1,1,1,1,1,1,1
7836,195,NeedCut,Production,1,1,1,1,1,1,1,1,1,1,1,1,1,1
7837,195,Good,Production,1,1,1,1,1,1,1,1,1,1,1,1,1,1
7838,195,Good,Production,1,1,1,1,1,1,1,1,1,1,1,1,1,1
7839,195,Good,Production,1,1,1,1,1,1,1,1,1,1,1,1,1,1
7840,195,Good,Production,1,1,1,1,1,1,1,1,1,1,1,1,1,1
7842,195,NeedCut,Production,1,1,1,1,1,1,1,1,1,1,1,1,1,1
7843,195,Good,Production,1,1,1,1,1,1,1,1,1,1,1,1,1,1
7844,195,Good,Production,1,1,1,1,1,1,1,1,1,1,1,1,1,1
7845,195,Good,Production,1,1,1,1,1,1,1,1,1,1,1,1,1,1
7846,195,Good,Production,1,1,1,1,1,1,1,1,1,1,1,1,1,1
7847,195,Good,Production,1,1,1,1,1,1,1,1,1,1,1,1,1,1
7848,195,Good,Production,1,1,1,1,1,1,1,1,1,1,1,1,1,1
7849,195,Good,Production,1,1,1,1,1,1,1,1,1,1,1,1,1,1
7860,194,Good,Production,1,1,1,1,1,1,1,1,1,1,1,1,1,1
7861,194,Good,Production,1,1,1,1,1,1,1,1,1,1,1,1,1,1
7862,194,Good,Production,1,1,1,1,1,1,1,1,1,1,1,1,1,1
7863,194,Good,Production,1,1,1,1,1,1,1,1,1,1,1,1,1,1
7864,194,Good,Production,1,1,1,1,1,1,1,1,1,1,1,1,1,1
7865,195,NeedCut,Production,1,1,1,1,1,1,1,1,1,1,1,1,1,1
7866,195,NeedCut,Production,1,1,1,1,1,1,1,1,1,1,1,1,1,1
7867,196,NeedCut,Production,1,1,1,1,1,1,1,1,1,1,1,1,1,1
7869,196,NeedCut,Production,1,1,1,1,1,1,1,1,1,1,1,0,1,0
7870,196,Good,Production,1,1,1,1,1,1,1,1,1,1,1,1,1,1
7871,196,Good,Production,1,1,1,1,1,1,1,1,1,1,1,1,1,1
7872,196,Good,Production,1,1,1,1,1,1,1,1,1,1,1,1,1,1
7873,196,Good,Production,1,1,1,1,1,1,1,1,1,1,1,1,1,1
7874,196,Good,Production,1,1,1,1,1,1,1,1,1,1,1,1,1,1
7875,196,Good,Production,1,1,1,1,1,1,1,1,1,1,1,1,1,1
7876,197,Good,Production,1,1,1,1,1,1,1,1,1,1,1,1,1,1
7877,197,Good,Production,1,1,1,1,1,1,1,1,1,1,1,1,1,1
7878,197,None,Production,1,1,1,1,0,1,1,1,0,0,1,1,1,1
7887,197,Good,Production,1,1,1,1,1,1,1,1,1,1,1,1,1,1
7888,196,Good,Production,1,1,1,1,1,1,1,1,1,1,1,1,1,1
7889,196,Good,Production,1,1,1,1,1,1,1,1,1,1,1,1,1,1
7890,196,Good,Production,1,1,1,1,1,1,1,1,1,1,1,1,1,1
7891,196,Good,Production,1,1,1,1,1,1,1,1,1,1,1,1,1,1
7892,196,Good,Production,1,1,1,1,1,1,1,1,1,1,1,1,1,1
7894,196,Good,Production,1,1,1,1,1,1,1,1,1,1,1,0,1,0
7895,196,Good,Production,1,1,1,1,1,1,1,1,1,1,1,1,1,1
7896,196,Good,Production,1,1,1,1,1,1,1,1,1,1,1,1,1,1
7897,197,Good,Production,1,1,1,1,1,1,1,1,1,1,1,1,1,1
7898,197,Good,Production,1,1,1,1,1,1,1,1,1,1,1,1,1,1
7899,197,Good,Production,1,1,1,1,1,1,1,1,1,1,1,1,1,1
7900,197,Good,Production,1,1,1,1,1,1,1,1,1,1,1,1,1,1
7901,197,Good,Production,1,1,1,1,1,1,1,1,1,1,1,1,1,1
7902,197,Good,Production,1,1,1,1,1,1,1,1,1,1,1,1,1,1
7903,197,Good,Production,1,1,1,1,1,1,1,1,1,1,1,1,1,1
7904,197,Good,Production,1,1,1,1,1,1,1,1,1,1,1,1,1,1
7905,197,Good,Production,1,1,1,1,1,1,1,1,1,1,1,1,1,1
7906,197,Good,Production,1,1,1,1,1,1,1,1,1,1,1,1,1,1
7907,197,Good,Production,1,1,1,1,1,1,1,1,1,1,1,1,1,1
7908,198,Good,Production,1,1,1,1,1,1,1,1,1,1,1,1,1,1
7909,198,Good,Production,1,1,1,1,1,1,1,1,1,1,1,1,1,1
7910,198,Good,Production,1,1,1,1,1,1,1,1,1,1,1,1,1,1
7911,198,Good,Production,1,1,1,1,1,1,1,1,1,1,1,1,1,1
7912,198,Good,Production,1,1,1,1,1,1,1,1,1,1,1,1,1,1
7913,198,Good,Production,1,1,1,1,1,1,1,1,1,1,1,1,1,1
7914,198,Good,Production,1,1,1,1,1,1,1,1,1,1,1,1,1,1
7915,198,Good,Production,1,1,1,1,1,1,1,1,1,1,1,1,1,1
7916,198,Good,Production,1,1,1,1,1,1,1,1,1,1,1,1,1,1
7917,198,Good,Production,1,1,1,1,1,1,1,1,1,1,1,1,1,1
7918,198,Good,Production,1,1,1,1,1,1,1,1,1,1,1,1,1,1
7919,199,Good,Production,1,1,1,1,1,1,1,1,1,1,1,1,1,1
7920,199,Good,Production,1,1,1,1,1,1,1,1,1,1,1,1,1,1
7921,199,Good,Production,1,1,1,1,1,1,1,1,1,1,1,1,1,1
7922,199,Good,Production,1,1,1,1,1,1,1,1,1,1,1,1,1,1
7923,199,Good,Production,1,1,1,1,1,1,1,1,1,1,1,1,1,1
7924,199,Good,Production,1,1,1,1,1,1,1,1,1,1,1,1,1,1
7925,199,Good,Production,1,1,1,1,1,1,1,1,1,1,1,1,1,1
7926,199,Good,Production,1,1,1,1,1,1,1,1,1,1,1,1,1,1
7927,199,Good,Production,1,1,1,1,1,1,1,1,1,1,1,1,1,1
7929,199,Good,Production,1,1,1,1,1,1,1,1,1,1,1,1,1,1
7930,199,Good,Production,1,1,1,1,1,1,1,1,1,1,1,1,1,1
7931,199,Good,Production,1,1,1,1,1,1,1,1,1,1,1,1,1,1
7932,200,Good,Production,1,1,1,1,1,1,1,1,1,1,1,1,1,1
7933,200,Good,Production,1,1,1,1,1,1,1,1,1,1,1,1,1,1
7934,200,Good,Production,1,1,1,1,1,1,1,1,1,1,1,1,1,1
7935,200,Good,Production,1,1,1,1,1,1,1,1,1,1,1,1,1,1
7936,200,Good,Production,1,1,1,1,1,1,1,1,1,1,1,1,1,1
7937,200,Good,Production,1,1,1,1,1,1,1,1,1,1,1,1,1,1
7938,200,Good,Production,1,1,1,1,1,1,1,1,1,1,1,1,1,1
7939,200,Good,Production,1,1,1,1,1,1,1,1,1,1,1,1,1,1
7940,200,Good,Production,1,1,1,1,1,1,1,1,1,1,1,1,1,1
7941,200,Good,Production,1,1,1,1,1,1,1,1,1,1,1,1,1,1
7942,200,Good,Production,1,1,1,1,1,1,1,1,1,1,1,1,1,1
7943,200,Good,Production,1,1,1,1,1,1,1,1,1,1,1,1,1,1
7944,201,Good,Production,1,1,1,1,1,1,1,1,1,1,1,1,1,1
7945,201,Good,Production,1,1,1,1,1,1,1,1,1,1,1,1,1,1
7946,201,Good,Production,1,1,1,1,1,1,1,1,1,1,1,1,1,1
7947,201,Good,Production,1,1,1,1,1,1,1,1,1,1,1,1,1,1
7948,201,Good,Production,1,1,1,1,1,1,1,1,1,1,1,1,1,1
7949,201,Good,Production,1,1,1,1,1,1,1,1,1,1,1,1,1,1
7950,201,Good,Production,1,1,1,1,1,1,1,1,1,1,1,1,1,1
7951,201,Good,Production,1,1,1,1,1,1,1,1,1,1,1,1,1,1
7952,201,Good,Production,1,1,1,1,1,1,1,1,1,1,1,1,1,1
7953,201,Good,Production,1,1,1,1,1,1,1,1,1,1,1,1,1,1
7954,201,Good,Production,1,1,1,1,1,1,1,1,1,1,1,1,1,1
7955,201,Good,Production,1,1,1,1,1,1,1,1,1,1,1,1,1,1
7956,202,Good,Production,1,1,1,1,1,1,1,1,1,1,1,1,1,1
7957,202,NeedCut,Production,1,1,1,1,1,1,1,1,1,1,1,1,1,1
7958,202,Suspicious,Production,1,1,1,1,1,1,1,1,1,1,1,1,1,1
7959,202,Suspicious,Production,1,1,1,1,1,1,1,1,1,1,1,1,1,1
7960,202,NeedCut,Production,1,1,1,1,1,1,1,1,1,1,1,1,1,1
7961,202,NeedCut,Production,1,1,1,1,1,1,1,1,1,1,1,1,1,1
7962,202,NeedCut,Production,1,1,1,1,1,1,1,1,1,1,1,1,1,1
7963,202,Good,Production,1,1,1,1,1,1,1,1,1,1,1,1,1,1
7964,202,Good,Production,1,1,1,1,1,1,1,1,1,1,1,1,1,1
7966,202,Good,Production,1,1,1,1,1,1,1,1,1,1,1,1,1,1
7967,202,NeedCut,Production,1,1,1,1,1,1,1,1,1,1,1,1,1,1
7971,202,Good,Production,1,1,1,1,1,1,1,1,1,1,1,1,1,1
7972,202,Good,Production,1,1,1,1,1,1,1,1,1,1,1,1,1,1
7973,202,Good,Production,1,1,1,1,1,1,1,1,1,1,1,1,1,1
7974,202,Good,Production,1,1,1,1,1,1,1,1,1,1,1,1,1,1
7975,202,Good,Production,1,1,1,1,1,1,1,1,1,1,1,1,1,1
7976,202,Good,Production,1,1,1,1,1,1,1,1,1,1,1,1,1,1
7977,202,Good,Production,1,1,1,1,1,1,1,1,1,1,1,1,1,1
7978,202,Good,Production,1,1,1,1,1,1,1,1,1,1,1,1,1,1
7979,202,Good,Production,1,1,1,1,1,1,1,1,1,1,1,1,1,1
7980,203,Good,Production,1,1,1,1,1,1,1,1,1,1,1,1,1,1
7981,203,Good,Production,1,1,1,1,1,1,1,1,1,1,1,1,1,1
7983,203,Good,Production,1,1,1,1,1,1,1,1,1,1,1,1,1,1
7993,203,Good,Production,1,1,1,1,1,1,1,1,1,1,1,1,1,1
7994,203,NeedCut,Production,1,1,1,1,1,1,1,1,1,1,1,1,1,1
7996,203,Good,Production,1,1,1,1,1,1,1,1,1,1,1,1,1,1
7998,203,Good,Production,1,1,1,1,1,1,1,1,1,1,1,1,1,1
7999,203,Good,Production,1,1,1,1,1,1,1,1,1,1,1,1,1,1
8000,203,Good,Production,1,1,1,1,1,1,1,1,1,1,1,1,1,1
8001,204,Good,Production,1,1,1,1,1,1,1,1,1,1,1,1,1,1
8002,204,Good,Production,1,1,1,1,1,1,1,1,1,1,1,1,1,1
8003,204,Good,Production,1,1,1,1,1,1,1,1,1,1,1,1,1,1
8004,204,Good,Production,1,1,1,1,1,1,1,1,1,1,1,1,1,1
8012,203,Good,Production,1,1,1,1,1,1,1,1,1,1,1,1,1,1
8013,203,Good,Production,1,1,1,1,1,1,1,1,1,1,1,1,1,1
8014,203,NeedCut,Production,1,1,1,1,1,1,1,1,1,1,1,1,1,1
8015,203,Good,Production,1,1,1,1,1,1,1,1,1,1,1,1,1,1
8016,203,Good,Production,1,1,1,1,1,1,1,1,1,1,1,1,1,1
8017,203,Good,Production,1,1,1,1,1,1,1,1,1,1,1,1,1,1
8018,203,Good,Production,1,1,1,1,1,1,1,1,1,1,1,1,1,1
8019,203,NeedCut,Production,1,1,1,1,1,1,1,1,1,1,1,1,1,1
8020,204,Good,Production,1,1,1,1,1,1,1,1,1,1,1,1,1,1
8021,204,Good,Production,1,1,1,1,1,1,1,1,1,1,1,1,1,1
8022,204,Good,Production,1,1,1,1,1,1,1,1,1,1,1,1,1,1
8023,204,Good,Production,1,1,1,1,1,1,1,1,1,1,1,1,1,1
8024,204,Good,Production,1,1,1,1,1,1,1,1,1,1,1,1,1,1
8025,204,Good,Production,1,1,1,1,1,1,1,1,1,1,1,1,1,1
8026,204,Good,Production,1,1,1,1,1,1,1,1,1,1,1,1,1,1
8027,204,Good,Production,1,1,1,1,1,1,1,1,1,1,1,1,1,1
8028,204,Good,Production,1,1,1,1,1,1,1,1,1,1,1,1,1,1
8029,204,Good,Production,1,1,1,1,1,1,1,1,1,1,1,1,1,1
8030,204,Good,Production,1,1,1,1,1,1,1,1,1,1,1,1,1,1
8031,205,Good,Production,1,1,1,1,1,1,1,1,1,1,1,1,1,1
8033,205,Good,Production,1,1,1,1,1,1,1,1,1,1,1,1,1,1
8035,205,Good,Production,1,1,1,1,1,1,1,1,1,1,1,1,1,1
8036,205,Good,Production,1,1,1,1,1,1,1,1,1,1,1,1,1,1
8037,205,Good,Production,1,1,1,1,1,1,1,1,1,1,1,1,1,1
8038,205,Good,Production,1,1,1,1,1,1,1,1,1,1,1,1,1,1
8039,205,Good,Production,1,1,1,1,1,1,1,1,1,1,1,1,1,1
8040,205,Good,Production,1,1,1,1,1,1,1,1,1,1,1,1,1,1
8045,205,Good,Production,1,1,1,1,1,1,1,1,1,1,1,1,1,1
8046,205,NeedCut,Production,1,1,1,1,1,1,1,1,1,1,1,1,1,1
8047,205,Good,Production,1,1,1,1,1,1,1,1,1,1,1,1,1,1
8048,205,Good,Production,1,1,1,1,1,1,1,1,1,1,1,1,1,1
8082,206,Suspicious,Production,1,1,1,1,1,1,1,1,1,1,1,0,1,0
8085,206,Good,Production,1,1,1,1,1,1,1,1,1,1,1,1,1,1
8086,206,NeedCut,Production,1,1,1,1,1,1,1,1,1,1,1,1,1,1
8091,206,NeedCut,Production,1,1,1,1,1,1,1,1,1,1,1,1,1,1
8093,206,Good,Production,1,1,1,1,1,1,1,1,1,1,1,1,1,1
8094,206,Good,Production,1,1,1,1,1,1,1,1,1,1,1,1,1,1
8095,206,Good,Production,1,1,1,1,1,1,1,1,1,1,1,1,1,1
8096,206,NeedCut,Production,1,1,1,1,1,1,1,1,1,1,1,1,1,1
8097,205,Good,Production,1,1,1,1,1,1,1,1,1,1,1,1,1,1
8099,205,Good,Production,1,1,1,1,1,1,1,1,1,1,1,1,1,1
8100,205,Good,Production,1,1,1,1,1,1,1,1,1,1,1,1,1,1
8101,205,Good,Production,1,1,1,1,1,1,1,1,1,1,1,1,1,1
8102,205,Good,Production,1,1,1,1,1,1,1,1,1,1,1,1,1,1
8103,207,Good,Production,1,1,1,1,1,1,1,1,1,1,1,1,1,1
8104,207,Good,Production,1,1,1,1,1,1,1,1,1,1,1,1,1,1
8105,207,Good,Production,1,1,1,1,1,1,1,1,1,1,1,1,1,1
8106,207,Good,Production,1,1,1,1,1,1,1,1,1,1,1,1,1,1
8107,207,Good,Pedestal,1,1,1,1,1,1,1,1,1,1,0,0,1,0
8108,207,Good,Pedestal,1,1,1,1,0,1,1,1,0,0,0,0,1,0
8109,207,Good,Pedestal,1,1,1,1,1,1,1,1,1,1,0,0,1,0
8110,207,Good,Parityscan,1,1,1,1,1,1,1,1,1,1,0,0,1,0
8111,207,Good,Production,1,1,1,1,1,1,1,1,1,1,1,1,1,1
8112,207,Good,Production,1,1,1,1,1,1,1,1,1,1,1,1,1,1
8113,207,Good,Production,1,1,1,1,1,1,1,1,1,1,1,1,1,1
8114,207,Good,Production,1,1,1,1,1,1,1,1,1,1,1,1,1,1
8115,207,Good,Production,1,1,1,1,1,1,1,1,1,1,1,1,1,1
8116,207,Good,Production,1,1,1,1,1,1,1,1,1,1,1,1,1,1
8117,207,Good,Production,1,1,1,1,1,1,1,1,1,1,1,1,1,1
8118,207,Good,Production,1,1,1,1,1,1,1,1,1,1,1,1,1,1
8119,207,Good,Production,1,1,1,1,1,1,1,1,1,1,1,1,1,1
8120,206,Good,Production,1,1,1,1,1,1,1,1,1,1,1,1,1,1
8121,206,Good,Production,1,1,1,1,1,1,1,1,1,1,1,1,1,1
8123,206,Good,Production,1,1,1,1,1,1,1,1,1,1,1,1,1,1
8124,206,Good,Production,1,1,1,1,1,1,1,1,1,1,1,1,1,1
8125,206,Good,Production,1,1,1,1,1,1,1,1,1,1,1,1,1,1
8126,206,Good,Production,1,1,1,1,1,1,1,1,1,1,1,1,1,1
8127,206,Good,Production,1,1,1,1,1,1,1,1,1,1,1,1,1,1
8128,206,Good,Production,1,1,1,1,1,1,1,1,1,1,1,1,1,1
8129,206,Good,Production,1,1,1,1,1,1,1,1,1,1,1,1,1,1
8130,206,Good,Production,1,1,1,1,1,1,1,1,1,1,1,1,1,1
8131,206,Good,Production,1,1,1,1,1,1,1,1,1,1,1,1,1,1
8132,208,Good,Production,1,1,1,1,1,1,1,1,1,1,1,1,1,1
8133,208,Good,Production,1,1,1,1,1,1,1,1,1,1,1,1,1,1
8134,208,Good,Production,1,1,1,1,1,1,1,1,1,1,1,1,1,1
8135,208,Good,Production,1,1,1,1,1,1,1,1,1,1,1,1,1,1
8136,208,Good,Production,1,1,1,1,1,1,1,1,1,1,1,1,1,1
8137,208,Good,Production,1,1,1,1,1,1,1,1,1,1,1,1,1,1
8138,208,Good,Production,1,1,1,1,1,1,1,1,1,1,1,1,1,1
8142,208,Good,Production,1,1,1,1,1,1,1,1,1,1,1,1,1,1
8143,208,Good,Production,1,1,1,1,1,1,1,1,1,1,1,1,1,1
8144,208,Good,Production,1,1,1,1,1,1,1,1,1,1,1,1,1,1
8145,208,Good,Production,1,1,1,1,1,1,1,1,1,1,1,1,1,1
8146,208,Good,Production,1,1,1,1,1,1,1,1,1,1,1,1,1,1
8147,208,Good,Production,1,1,1,1,1,1,1,1,1,1,1,1,1,1
8148,208,Good,Production,1,1,1,1,1,1,1,1,1,1,1,1,1,1
8149,208,Good,Production,1,1,1,1,1,1,1,1,1,1,1,1,1,1
8150,209,Good,Production,1,1,1,1,1,1,1,1,1,1,1,1,1,1
8151,209,Good,Production,1,1,1,1,1,1,1,1,1,1,1,1,1,1
8152,209,Good,Production,1,1,1,1,1,1,1,1,1,1,1,1,1,1
8153,209,Good,Production,1,1,1,1,1,1,1,1,1,1,1,1,1,1
8154,209,Good,Production,1,1,1,1,1,1,1,1,1,1,1,1,1,1
8155,209,Good,Production,1,1,1,1,1,1,1,1,1,1,1,1,1,1
8156,209,Good,Production,1,1,1,1,1,1,1,1,1,1,1,1,1,1
8157,209,Good,Production,1,1,1,1,1,1,1,1,1,1,1,1,1,1
8158,209,Good,Production,1,1,1,1,1,1,1,1,1,1,1,1,1,1
8159,209,Good,Production,1,1,1,1,1,1,1,1,1,1,1,1,1,1
8160,209,Good,Production,1,1,1,1,1,1,1,1,1,1,1,1,1,1
8161,210,Good,Production,1,1,1,1,1,1,1,1,1,1,1,1,1,1
8162,210,Good,Production,1,1,1,1,1,1,1,1,1,1,1,1,1,1
8166,211,Good,Production,1,1,1,1,1,1,1,1,1,1,1,1,1,1
8167,211,Good,Production,1,1,1,1,1,1,1,1,1,1,1,1,1,1
8168,211,Good,Production,1,1,1,1,1,1,1,1,1,1,1,1,1,1
8169,211,Good,Production,1,1,1,1,1,1,1,1,1,1,1,1,1,1
8170,211,Good,Production,1,1,1,1,1,1,1,1,1,1,1,1,1,1
8171,211,Good,Production,1,1,1,1,1,1,1,1,1,1,1,1,1,1
8172,211,Good,Production,1,1,1,1,1,1,1,1,1,1,1,1,1,1
8173,211,Good,Production,1,1,1,1,1,1,1,1,1,1,1,1,1,1
8174,211,Good,Production,1,1,1,1,1,1,1,1,1,1,1,1,1,1
8175,211,Good,Production,1,1,1,1,1,1,1,1,1,1,1,1,1,1
8176,211,Good,Production,1,1,1,1,1,1,1,1,1,1,1,1,1,1
8177,211,Good,Production,1,1,1,1,1,1,1,1,1,1,1,1,1,1
8178,211,Good,Production,1,1,1,1,1,1,1,1,1,1,1,1,1,1
8179,211,Good,Production,1,1,1,1,1,1,1,1,1,1,1,1,1,1
8183,211,Good,Production,1,1,1,1,1,1,1,1,1,1,1,1,1,1
8186,210,Good,Production,1,1,1,1,1,1,1,1,1,1,1,1,1,1
8187,210,Good,Production,1,1,1,1,1,1,1,1,1,1,1,1,1,1
8189,210,None,Pedestal,1,1,1,1,1,1,1,1,1,1,0,0,1,0
8190,210,Good,Production,1,1,1,1,1,1,1,1,1,1,1,1,1,1
8191,210,Good,Production,1,1,1,1,1,1,1,1,1,1,1,1,1,1
8192,210,Good,Production,1,1,1,1,1,1,1,1,1,1,1,1,1,1
8193,210,Good,Production,1,1,1,1,1,1,1,1,1,1,1,1,1,1
8194,210,Good,Production,1,1,1,1,1,1,1,1,1,1,1,1,1,1
8195,210,Good,Production,1,1,1,1,1,1,1,1,1,1,1,1,1,1
8196,210,Good,Production,1,1,1,1,1,1,1,1,1,1,1,1,1,1
8197,210,Good,Production,1,1,1,1,1,1,1,1,1,1,1,1,1,1
8198,212,Good,Production,1,1,1,1,1,1,1,1,1,1,1,1,1,1
8199,212,Good,Production,1,1,1,1,1,1,1,1,1,1,1,1,1,1
8200,212,Good,Production,1,1,1,1,1,1,1,1,1,1,1,1,1,1
8201,212,Good,Production,1,1,1,1,1,1,1,1,1,1,1,1,1,1
8202,212,Good,Production,1,1,1,1,1,1,1,1,1,1,1,1,1,1
8203,212,Good,Production,1,1,1,1,1,1,1,1,1,1,1,1,1,1
8205,212,Good,Production,1,1,1,1,1,1,1,1,1,1,1,1,1,1
8206,212,Good,Production,1,1,1,1,1,1,1,1,1,1,1,1,1,1
8212,212,Good,Production,1,1,1,1,1,1,1,1,1,1,1,1,1,1
8213,212,Good,Production,1,1,1,1,1,1,1,1,1,1,1,1,1,1
8214,212,Good,Production,1,1,1,1,1,1,1,1,1,1,1,1,1,1
8215,212,Good,Production,1,1,1,1,1,1,1,1,1,1,1,1,1,1
8216,212,Good,Production,1,1,1,1,1,1,1,1,1,1,1,1,1,1
8217,212,Good,Production,1,1,1,1,1,1,1,1,1,1,1,1,1,1
8218,212,Good,Production,1,1,1,1,1,1,1,1,1,1,1,1,1,1
8219,212,Good,Production,1,1,1,1,1,1,1,1,1,1,1,1,1,1
8220,213,Good,Production,1,1,1,1,1,1,1,1,1,1,1,1,1,1
8221,213,Good,Production,1,1,1,1,1,1,1,1,1,1,1,1,1,1
8222,213,Good,Production,1,1,1,1,1,1,1,1,1,1,1,1,1,1
8223,213,Good,Production,1,1,1,1,1,1,1,1,1,1,1,1,1,1
8224,213,Good,Production,1,1,1,1,1,1,1,1,1,1,1,1,1,1
8238,214,Good,Production,1,1,1,1,1,1,1,1,1,1,1,1,1,1
8239,214,Good,Production,1,1,1,1,1,1,1,1,1,1,1,1,1,1
8240,214,Good,Production,1,1,1,1,1,1,1,1,1,1,1,1,1,1
8241,214,Good,Production,1,1,1,1,1,1,1,1,1,1,1,1,1,1
8242,214,Good,Production,1,1,1,1,1,1,1,1,1,1,1,1,1,1
8243,213,Good,Production,1,1,1,1,1,1,1,1,1,1,1,1,1,1
8244,213,Good,Production,1,1,1,1,1,1,1,1,1,1,1,1,1,1
8245,213,Good,Production,1,1,1,1,1,1,1,1,1,1,1,1,1,1
8246,213,Good,Production,1,1,1,1,1,1,1,1,1,1,1,1,1,1
8257,213,Suspicious,Production,1,1,1,1,1,1,1,1,1,1,1,1,1,1
8258,213,Good,Production,1,1,1,1,1,1,1,1,1,1,1,1,1,1
8259,213,Suspicious,Production,1,1,1,1,1,1,1,1,1,1,1,1,1,1
8260,213,Good,Production,1,1,1,1,1,1,1,1,1,1,1,1,1,1
8261,213,Good,Production,1,1,1,1,1,1,1,1,1,1,1,1,1,1
8262,214,Good,Production,1,1,1,1,1,1,1,1,1,1,1,1,1,1
8263,214,Good,Production,1,1,1,1,1,1,1,1,1,1,1,1,1,1
8264,214,Good,Production,1,1,1,1,1,1,1,1,1,1,1,1,1,1
8265,214,Good,Production,1,1,1,1,1,1,1,1,1,1,1,1,1,1
8266,214,Good,Production,1,1,1,1,1,1,1,1,1,1,1,1,1,1
8267,214,Good,Production,1,1,1,1,1,1,1,1,1,1,1,1,1,1
8268,214,Good,Production,1,1,1,1,1,1,1,1,1,1,1,1,1,1
8269,214,Good,Production,1,1,1,1,1,1,1,1,1,1,1,1,1,1
8270,214,Good,Production,1,1,1,1,1,1,1,1,1,1,1,1,1,1
8271,214,Good,Production,1,1,1,1,1,1,1,1,1,1,1,1,1,1
8272,214,Good,Production,1,1,1,1,1,1,1,1,1,1,1,1,1,1
8273,214,Good,Production,1,1,1,1,1,1,1,1,1,1,1,1,1,1
8276,215,Good,Production,1,1,1,1,1,1,1,1,1,1,1,1,1,1
8277,215,Good,Production,1,1,1,1,1,1,1,1,1,1,1,1,1,1
8278,215,Good,Production,1,1,1,1,1,1,1,1,1,1,1,1,1,1
8280,213,Good,Production,1,1,1,1,1,1,1,1,1,1,1,1,1,1
8281,213,Good,Production,1,1,1,1,1,1,1,1,1,1,1,1,1,1
8282,213,Good,Production,1,1,1,1,1,1,1,1,1,1,1,1,1,1
8283,213,Good,Production,1,1,1,1,1,1,1,1,1,1,1,1,1,1
8284,213,Good,Production,1,1,1,1,1,1,1,1,1,1,1,1,1,1
8294,213,Suspicious,Production,1,1,1,1,1,1,1,1,1,1,1,0,1,0
8295,215,Suspicious,Production,1,1,1,1,1,1,1,1,1,1,1,0,1,0
8296,215,Good,Production,1,1,1,1,1,1,1,1,1,1,1,1,1,1
8297,215,Good,Production,1,1,1,1,1,1,1,1,1,1,1,1,1,1
8298,215,Good,Production,1,1,1,1,1,1,1,1,1,1,1,1,1,1
8299,215,Good,Production,1,1,1,1,1,1,1,1,1,1,1,1,1,1
8300,215,Good,Production,1,1,1,1,1,1,1,1,1,1,1,1,1,1
8301,215,Good,Production,1,1,1,1,1,1,1,1,1,1,1,1,1,1
8302,215,Good,Production,1,1,1,1,1,1,1,1,1,1,1,1,1,1
8303,215,Good,Production,1,1,1,1,1,1,1,1,1,1,1,1,1,1
8304,215,Good,Production,1,1,1,1,1,1,1,1,1,1,1,1,1,1
8305,215,Good,Production,1,1,1,1,1,1,1,1,1,1,1,1,1,1
8306,215,Good,Production,1,1,1,1,1,1,1,1,1,1,1,1,1,1
8312,215,Good,Production,1,1,1,1,1,1,1,1,1,1,1,1,1,1
8313,215,Good,Production,1,1,1,1,1,1,1,1,1,1,1,1,1,1
8320,216,Good,Production,1,1,1,1,1,1,1,1,1,1,1,1,1,1
8321,216,Good,Production,1,1,1,1,1,1,1,1,1,1,1,1,1,1
8322,216,Good,Production,1,1,1,1,1,1,1,1,1,1,1,1,1,1
8323,216,Good,Production,1,1,1,1,1,1,1,1,1,1,1,1,1,1
8324,216,Good,Production,1,1,1,1,1,1,1,1,1,1,1,1,1,1
8325,216,Good,Production,1,1,1,1,1,1,1,1,1,1,1,1,1,1
8331,216,Good,Production,1,1,1,1,1,1,1,1,1,1,1,1,1,1
8332,216,Good,Production,1,1,1,1,1,1,1,1,1,1,1,1,1,1
8333,216,Good,Production,1,1,1,1,1,1,1,1,1,1,1,1,1,1
8336,216,Good,Production,1,1,1,1,1,1,1,1,1,1,1,1,1,1
8337,216,Good,Production,1,1,1,1,1,1,1,1,1,1,1,1,1,1
8338,216,Good,Production,1,1,1,1,1,1,1,1,1,1,1,1,1,1
8339,216,Good,Production,1,1,1,1,1,1,1,1,1,1,1,1,1,1
8340,217,Good,Production,1,1,1,1,1,1,1,1,1,1,1,1,1,1
8341,217,Good,Production,1,1,1,1,1,1,1,1,1,1,1,1,1,1
8342,217,Good,Production,1,1,1,1,1,1,1,1,1,1,1,1,1,1
8344,217,Good,Production,1,1,1,1,1,1,1,1,1,1,1,1,1,1
8345,218,Good,Production,1,1,1,1,1,1,1,1,1,1,1,1,1,1
8346,218,Good,Production,1,1,1,1,1,1,1,1,1,1,1,1,1,1
8347,218,Good,Production,1,1,1,1,1,1,1,1,1,1,1,1,1,1
8348,218,None,Parityscan,1,1,1,1,1,1,1,1,1,1,0,0,1,0
8349,218,None,Calibration,1,1,1,1,1,1,1,1,1,1,1,1,1,1
8350,218,None,Calibration,1,1,1,1,1,1,1,1,1,1,1,1,1,1
8351,218,None,Calibration,1,1,1,1,1,1,1,1,1,1,1,1,1,1
8353,218,Good,Production,1,1,1,1,1,1,1,1,1,1,1,1,1,1
8354,218,Good,Production,1,1,1,1,1,1,1,1,1,1,1,1,1,1
8355,218,Good,Production,1,1,1,1,1,1,1,1,1,1,1,1,1,1
8356,218,Good,Production,1,1,1,1,1,1,1,1,1,1,1,1,1,1
8357,218,Good,Production,1,1,1,1,1,1,1,1,1,1,1,1,1,1
8358,218,Good,Production,1,1,1,1,1,1,1,1,1,1,1,1,1,1
8359,217,Good,Production,1,1,1,1,1,1,1,1,1,1,1,1,1,1
8360,217,Good,Production,1,1,1,1,1,1,1,1,1,1,1,1,1,1
8361,217,Good,Production,1,1,1,1,1,1,1,1,1,1,1,1,1,1
8362,217,Good,Production,1,1,1,1,1,1,1,1,1,1,1,1,1,1
8363,217,Good,Production,1,1,1,1,1,1,1,1,1,1,1,1,1,1
8364,217,Good,Production,1,1,1,1,1,1,1,1,1,1,1,1,1,1
8365,217,Good,Production,1,1,1,1,1,1,1,1,1,1,1,1,1,1
8366,217,Good,Production,1,1,1,1,1,1,1,1,1,1,1,1,1,1
8368,217,Good,Production,1,1,1,1,1,1,1,1,1,1,1,1,1,1
8371,217,Good,Production,1,1,1,1,1,1,1,1,1,1,1,1,1,1
8372,217,Good,Production,1,1,1,1,1,1,1,1,1,1,1,1,1,1
8373,217,Good,Production,1,1,1,1,1,1,1,1,1,1,1,1,1,1
8374,217,Good,Production,1,1,1,1,1,1,1,1,1,1,1,1,1,1
8375,217,Good,Production,1,1,1,1,1,1,1,1,1,1,1,1,1,1
8376,217,Good,Production,1,1,1,1,1,1,1,1,1,1,1,1,1,1
8377,217,Good,Production,1,1,1,1,1,1,1,1,1,1,1,1,1,1
8378,218,Good,Production,1,1,1,1,1,1,1,1,1,1,1,1,1,1
8379,218,Good,Production,1,1,1,1,1,1,1,1,1,1,1,1,1,1
8380,218,Good,Production,1,1,1,1,1,1,1,1,1,1,1,1,1,1
8390,218,NeedCut,Production,1,1,1,1,1,1,1,1,1,1,1,1,1,1
8391,218,Good,Production,1,1,1,1,1,1,1,1,1,1,1,1,1,1
8392,218,Good,Production,1,1,1,1,1,1,1,1,1,1,1,1,1,1
8393,218,Good,Production,1,1,1,1,1,1,1,1,1,1,1,1,1,1
8394,219,Good,Production,1,1,1,1,1,1,1,1,1,1,1,1,1,1
8395,220,Good,Production,1,1,1,1,1,1,1,1,1,1,1,1,1,1
8396,220,Good,Production,1,1,1,1,1,1,1,1,1,1,1,1,1,1
8397,220,Good,Production,1,1,1,1,1,1,1,1,1,1,1,1,1,1
8398,220,Good,Production,1,1,1,1,1,1,1,1,1,1,1,1,1,1
8399,220,Good,Production,1,1,1,1,1,1,1,1,1,1,1,1,1,1
8400,220,Good,Production,1,1,1,1,1,1,1,1,1,1,1,1,1,1
8401,220,Good,Production,1,1,1,1,1,1,1,1,1,1,1,1,1,1
8402,220,Good,Production,1,1,1,1,1,1,1,1,1,1,1,1,1,1
8403,220,NeedCut,Production,1,1,1,1,1,1,1,1,1,1,1,1,1,1
8405,220,Good,Production,1,1,1,1,1,1,1,1,1,1,1,1,1,1
8406,220,Good,Production,1,1,1,1,1,1,1,1,1,1,1,1,1,1
8407,220,Good,Production,1,1,1,1,1,1,1,1,1,1,1,1,1,1
8408,221,Good,Production,1,1,1,1,1,1,1,1,1,1,1,1,1,1
8409,221,Good,Production,1,1,1,1,1,1,1,1,1,1,1,1,1,1
8410,221,Good,Production,1,1,1,1,1,1,1,1,1,1,1,1,1,1
8411,219,Good,Production,1,1,1,1,1,1,1,1,1,1,1,1,1,1
8412,219,Good,Production,1,1,1,1,1,1,1,1,1,1,1,1,1,1
8413,219,Good,Production,1,1,1,1,1,1,1,1,1,1,1,1,1,1
8414,219,Good,Production,1,1,1,1,1,1,1,1,1,1,1,1,1,1
8415,219,Good,Production,1,1,1,1,1,1,1,1,1,1,1,1,1,1
8416,219,Good,Production,1,1,1,1,1,1,1,1,1,1,1,1,1,1
8421,219,Good,Production,1,1,1,1,1,1,1,1,1,1,1,1,1,1
8422,219,Good,Production,1,1,1,1,1,1,1,1,1,1,1,1,1,1
8423,219,Good,Production,1,1,1,1,1,1,1,1,1,1,1,1,1,1
8424,219,Good,Production,1,1,1,1,1,1,1,1,1,1,1,1,1,1
8425,219,Good,Production,1,1,1,1,1,1,1,1,1,1,1,1,1,1
8426,221,Good,Production,1,1,1,1,1,1,1,1,1,1,1,1,1,1
8427,221,Good,Production,1,1,1,1,1,1,1,1,1,1,1,1,1,1
8452,222,None,Pedestal,1,1,1,1,0,1,1,1,0,0,0,0,1,0
8456,222,None,Pedestal,1,1,1,1,0,1,1,1,0,0,0,0,1,0
8464,221,None,Parityscan,1,1,1,1,1,1,1,1,1,1,1,1,1,1
8466,221,Good,Production,1,1,1,1,1,1,1,1,1,1,1,1,1,1
8467,221,None,Parityscan,1,1,1,1,1,1,1,1,1,1,1,1,1,1
8468,221,None,Parityscan,1,1,1,1,1,1,1,1,1,1,1,1,1,1
8469,221,Good,Production,1,1,1,1,1,1,1,1,1,1,1,1,1,1
8470,221,Good,Production,1,1,1,1,1,1,1,1,1,1,1,1,1,1
8486,222,Good,Production,1,1,1,1,1,1,1,1,1,1,1,1,1,1
8487,222,Good,Production,1,1,1,1,1,1,1,1,1,1,1,1,1,1
8488,222,Good,Production,1,1,1,1,1,1,1,1,1,1,1,1,1,1
8489,222,Good,Production,1,1,1,1,1,1,1,1,1,1,1,1,1,1
8490,222,Good,Production,1,1,1,1,1,1,1,1,1,1,1,1,1,1
8491,222,Good,Production,1,1,1,1,1,1,1,1,1,1,1,1,1,1
8492,222,Good,Production,1,1,1,1,1,1,1,1,1,1,1,1,1,1
8493,222,Good,Production,1,1,1,1,1,1,1,1,1,1,1,1,1,1
8494,222,None,Calibration,1,1,1,1,1,1,1,1,1,1,1,1,1,1
8495,222,Good,Production,1,1,1,1,1,1,1,1,1,1,1,1,1,1
8496,222,Good,Production,1,1,1,1,1,1,1,1,1,1,1,1,1,1
8506,221,Good,Production,1,1,1,1,1,1,1,1,1,1,1,1,1,1
8507,221,None,Production,1,1,1,1,1,1,1,1,1,1,0,0,1,0
8526,222,Good,Production,1,1,1,1,1,1,1,1,1,1,1,1,1,1
8527,222,Good,Production,1,1,1,1,1,1,1,1,1,1,1,1,1,1
8528,222,Good,Production,1,1,1,1,1,1,1,1,1,1,1,1,1,1
8529,222,Good,Production,1,1,1,1,1,1,1,1,1,1,1,1,1,1
8530,222,Good,Production,1,1,1,1,1,1,1,1,1,1,1,1,1,1
8531,221,Good,Production,1,1,1,1,1,1,1,1,1,1,1,1,1,1
8532,221,Good,Production,1,1,1,1,1,1,1,1,1,1,1,1,1,1
8533,221,Good,Production,1,1,1,1,1,1,1,1,1,1,1,1,1,1
8534,221,Good,Production,1,1,1,1,1,1,1,1,1,1,1,1,1,1
8535,221,Good,Production,1,1,1,1,1,1,1,1,1,1,1,1,1,1
8536,221,Good,Production,1,1,1,1,1,1,1,1,1,1,1,1,1,1
8537,221,None,Parityscan,1,1,1,1,1,1,1,1,1,1,0,0,1,0
8538,221,None,Calibration,1,1,1,1,1,1,1,1,1,1,1,1,1,1
8544,221,None,Calibration,1,1,1,1,1,1,1,1,1,1,1,1,1,1
8545,221,None,Calibration,1,1,1,1,1,1,1,1,1,1,1,1,1,1
8546,221,Good,Production,1,1,1,1,1,1,1,1,1,1,1,1,1,1
8547,221,Good,Production,1,1,1,1,1,1,1,1,1,1,1,1,1,1
8548,221,Good,Production,1,1,1,1,1,1,1,1,1,1,1,1,1,1
8549,223,NeedCut,Production,1,1,1,1,1,1,1,1,1,1,1,1,1,1
8550,223,None,Calibration,1,1,1,1,1,1,1,1,1,1,1,1,1,1
8551,223,Good,Production,1,1,1,1,1,1,1,1,1,1,1,1,1,1
8552,223,NeedCut,Production,1,1,1,1,1,1,1,1,1,1,1,1,1,1
8553,223,Good,Production,1,1,1,1,1,1,1,1,1,1,1,1,1,1
8554,223,Good,Production,1,1,1,1,1,1,1,1,1,1,1,1,1,1
8555,223,Good,Production,1,1,1,1,1,1,1,1,1,1,1,1,1,1
8556,223,Good,Production,1,1,1,1,1,1,1,1,1,1,1,1,1,1
8557,223,Good,Production,1,1,1,1,1,1,1,1,1,1,1,1,1,1
